EpRewMean,loss_pol_surr,EpLenMean,EpisodesSoFar,loss_vf_loss,loss_kl,ev_tdlam_before,TimestepsSoFar,TimeElapsed,EpThisIter,loss_pol_entpen,loss_ent
nan,-0.0039290767,nan,0,43708414000000.0,0.0050105224,-2.384185791015625e-06,0,10.693942546844482,0,0.0,8.522976
-253741091.5048173,-0.0037446523,2049.0,30,18932893000000.0,0.004377663,2.980232238769531e-07,61470,21.198041677474976,30,0.0,8.514164
-200568597.08941975,-0.004476421,2045.3934426229507,61,59728953000000.0,0.0045140213,-7.271766662597656e-06,124769,31.83096218109131,31,0.0,8.503661
-274557961.2976404,-0.0032899657,2046.5824175824175,91,17093962000000.0,0.00455021,1.2516975402832031e-06,186239,42.46925210952759,30,0.0,8.5037985
-232893128.91853738,-0.003431823,2046.8,121,30896216000000.0,0.0039511123,3.814697265625e-06,247709,53.2505624294281,30,0.0,8.501937
-232545727.9362159,-0.0036762983,2040.69,152,9141196000000.0,0.0043892623,-1.1920928955078125e-07,310397,64.11654448509216,31,0.0,8.501466
-160908957.45827323,-0.0034530459,2031.55,183,15673836000000.0,0.0043635136,2.562999725341797e-06,373002,74.89225816726685,31,0.0,8.488102
-162424975.31472114,-0.0036270309,2031.55,213,16664229000000.0,0.004999081,-1.9073486328125e-06,434472,85.8687834739685,30,0.0,8.493941
-144218511.0708423,-0.0039420803,2011.37,244,16897069000000.0,0.004342452,1.1146068572998047e-05,495973,96.77736306190491,31,0.0,8.49786
-170348141.3978715,-0.0033115023,2011.58,275,28070233000000.0,0.0040592006,2.9206275939941406e-06,557768,107.74738883972168,31,0.0,8.490935
-202025161.3910292,-0.0034870252,2011.58,305,15276628000000.0,0.004109117,1.3709068298339844e-06,619238,118.8898606300354,30,0.0,8.500276
-189031555.28977406,-0.0033915166,2031.76,335,11029732000000.0,0.0043200324,2.562999725341797e-06,680708,129.76651549339294,30,0.0,8.503845
-179163510.4576382,-0.0042330683,2029.65,366,11369292000000.0,0.0045095454,-5.7220458984375e-06,742292,140.83300805091858,31,0.0,8.495772
-133896387.96070166,-0.0035811218,2029.65,396,3400536700000.0,0.003518708,9.834766387939453e-06,803762,152.04443788528442,30,0.0,8.493534
-93935606.14124016,-0.004081358,2029.65,426,860814000000.0,0.0044928654,9.489059448242188e-05,865232,163.09439373016357,30,0.0,8.482619
-73816127.28551649,-0.003606574,2049.0,456,4682052000000.0,0.00499478,-3.62396240234375e-05,926702,174.20052790641785,30,0.0,8.465972
-35876233.01883017,-0.0037851883,2029.33,487,2586700400000.0,0.0040603187,4.655122756958008e-05,988254,185.24177074432373,31,0.0,8.452102
-35656593.33766462,-0.0039488883,2029.33,517,240428240000.0,0.0035946418,-3.170967102050781e-05,1049724,196.27162909507751,30,0.0,8.432446
-29492817.498016037,-0.0030380348,2029.33,547,404766400000.0,0.003316748,1.7404556274414062e-05,1111194,207.35982036590576,30,0.0,8.420658
-23445678.011316527,-0.0037946333,2012.06,579,9149469000.0,0.00475855,1.1980533599853516e-05,1173068,218.35016703605652,32,0.0,8.408982
-17140053.519367576,-0.0035157655,2012.06,609,3094167200000.0,0.0048691602,4.750490188598633e-05,1234538,229.57787680625916,30,0.0,8.408189
-18409378.88650148,-0.0039545493,2012.06,639,449264030000.0,0.0039536436,8.791685104370117e-05,1296008,240.8180079460144,30,0.0,8.39038
-18532772.6306794,-0.004065377,2012.06,669,15376733000.0,0.0050950367,2.1457672119140625e-06,1357478,251.99888157844543,30,0.0,8.375355
-18485211.62138681,-0.0031798605,2049.0,699,9736913000.0,0.0037725717,-6.4373016357421875e-06,1418948,263.299756526947,30,0.0,8.36609
-16477454.437413631,-0.003782207,2049.0,729,366883000000.0,0.0043393555,-0.00010275840759277344,1480418,274.51191759109497,30,0.0,8.363694
-7760218.02380541,-0.0037268177,2049.0,759,42488850000.0,0.0042715836,-5.6743621826171875e-05,1541888,285.7679970264435,30,0.0,8.3638115
-8272638.154590199,-0.0040029264,2049.0,789,105342580000.0,0.004107837,1.919269561767578e-05,1603358,296.99305510520935,30,0.0,8.350708
-8865268.090847101,-0.0040309657,2049.0,819,9984109000.0,0.003861543,-3.123283386230469e-05,1664828,308.108195066452,30,0.0,8.337189
-8799430.711789291,-0.003670558,2049.0,849,8371770000.0,0.00448653,3.737211227416992e-05,1726298,319.2317419052124,30,0.0,8.343975
-6742947.595957913,-0.0036492322,2049.0,879,175278330000.0,0.0047734673,-8.976459503173828e-05,1787768,330.40790939331055,30,0.0,8.339817
-7071628.1234881235,-0.0035556674,2049.0,909,6849865000.0,0.0041835,1.7642974853515625e-05,1849238,341.66290044784546,30,0.0,8.338985
-6211622.532046635,-0.0037417477,2049.0,939,7294288000.0,0.0044003865,4.947185516357422e-06,1910708,353.23258447647095,30,0.0,8.341353
-5967350.164907057,-0.0043442464,2033.59,970,1137846900000.0,0.0045478716,3.635883331298828e-06,1972686,364.52004957199097,31,0.0,8.332793
-7486966.637181056,-0.0036791256,2033.59,1000,961689940000.0,0.0038445774,1.3828277587890625e-05,2034156,375.816082239151,30,0.0,8.328503
-10647537.973843407,-0.0034517178,2033.59,1030,5584388000.0,0.0049372595,-2.0265579223632812e-06,2095626,387.1643991470337,30,0.0,8.324037
-10130559.575646888,-0.0034950152,2049.0,1060,5739034000.0,0.0043093693,1.3709068298339844e-06,2157096,398.8844611644745,30,0.0,8.316926
-7642102.682296552,-0.004012261,2049.0,1090,3535124000000.0,0.004309687,-0.00011587142944335938,2218566,410.15299367904663,30,0.0,8.309646
-14594623.783848984,-0.0034705517,2049.0,1120,201610020000.0,0.0037073721,8.404254913330078e-06,2280036,421.46886348724365,30,0.0,8.306672
-11911277.907183804,-0.0038447187,2049.0,1150,6812882400.0,0.004577132,0.0018546581268310547,2341506,432.71391916275024,30,0.0,8.308318
-12017446.860492492,-0.0040746676,2049.0,1180,3746179300.0,0.0044832616,-5.602836608886719e-06,2402976,444.1610884666443,30,0.0,8.306853
-3930915.662868,-0.0035336912,2049.0,1210,7099005400.0,0.0040276996,-1.0728836059570312e-06,2464446,455.5138099193573,30,0.0,8.30136
-6518744.072967681,-0.0037425214,2049.0,1240,1031470250000.0,0.0040957076,4.172325134277344e-07,2525916,466.94095182418823,30,0.0,8.297227
-6526930.294185829,-0.0034205467,2028.05,1272,8704602000.0,0.004391774,-8.225440979003906e-06,2589389,478.66593050956726,32,0.0,8.300935
-6666308.930976499,-0.0035346686,2028.05,1302,5702393300.0,0.0043447674,6.556510925292969e-07,2650859,490.04278588294983,30,0.0,8.294956
-3947947.4388851714,-0.0038444917,2028.05,1332,5247580000.0,0.0047536325,5.602836608886719e-06,2712329,501.5694010257721,30,0.0,8.28699
-4077745.1409827196,-0.0034795643,2046.15,1362,5399256000.0,0.0047447253,-5.0067901611328125e-06,2773799,513.2541372776031,30,0.0,8.275303
-3901211.7813810837,-0.0031732402,2049.0,1392,6771947500.0,0.0044665104,-6.186962127685547e-05,2835269,524.7950782775879,30,0.0,8.263228
-4077058.332728459,-0.0036173575,2049.0,1422,6146646500.0,0.0043991962,-1.3828277587890625e-05,2896739,536.3897969722748,30,0.0,8.249131
-3921123.833330816,-0.0033184434,2049.0,1452,78756540000.0,0.004007102,1.3828277587890625e-05,2958209,548.2394111156464,30,0.0,8.23555
-4531033.503967094,-0.0036541473,2049.0,1482,4954597400.0,0.0044758427,7.033348083496094e-06,3019679,559.7443432807922,30,0.0,8.230762
-4310125.899839874,-0.003978851,2049.0,1512,3876806100.0,0.004739559,-3.5762786865234375e-07,3081149,571.2740914821625,30,0.0,8.226333
-3906848.0653659496,-0.003268838,2049.0,1542,6079793700.0,0.0049058674,-4.76837158203125e-07,3142619,582.9782149791718,30,0.0,8.225936
-4019614.008222453,-0.003682681,2049.0,1572,7165562000.0,0.0048429985,2.2649765014648438e-06,3204089,594.6264972686768,30,0.0,8.214081
-3679139.730142255,-0.0036603508,2049.0,1602,1904863900000.0,0.0055174283,-2.384185791015625e-06,3265559,606.6721529960632,30,0.0,8.192844
-10559313.569630846,-0.0041724415,2049.0,1632,3782122000.0,0.005072429,-1.5974044799804688e-05,3327029,618.3808784484863,30,0.0,8.170655
-10200396.37394173,-0.0037403186,2049.0,1662,3797049900.0,0.0049665445,2.3424625396728516e-05,3388499,630.0211997032166,30,0.0,8.160213
-9998796.293998014,-0.004249587,2047.11,1693,3755910000.0,0.004672192,-5.4955482482910156e-05,3451829,641.6133658885956,31,0.0,8.152041
-2813528.719439131,-0.0039187814,2047.11,1723,3613251000.0,0.0040016603,-3.790855407714844e-05,3513299,653.268052816391,30,0.0,8.1465025
-2924776.6533750705,-0.003133818,2047.11,1753,4373651000.0,0.0048511247,5.036592483520508e-05,3574769,665.0475907325745,30,0.0,8.131054
-2903001.4588774936,-0.004214683,2049.0,1783,2764582700.0,0.005017932,1.3530254364013672e-05,3636239,676.7897646427155,30,0.0,8.133137
-3054103.6656004237,-0.0034561888,2049.0,1813,4620713500.0,0.004438026,4.845857620239258e-05,3697709,689.0801589488983,30,0.0,8.127122
-3089965.3150985064,-0.0039925617,2049.0,1843,4286024000.0,0.004550849,-1.430511474609375e-06,3759179,700.7938737869263,30,0.0,8.114303
-2909127.335812884,-0.003806237,2031.61,1874,3695728000.0,0.0045036175,-1.3113021850585938e-06,3820959,712.5310184955597,31,0.0,8.107024
-2972071.2558827293,-0.0041501727,2031.61,1904,3957063200.0,0.004664628,-7.271766662597656e-06,3882429,724.2152600288391,30,0.0,8.099978
-2724214.619562519,-0.0035586157,2031.61,1934,3807911200.0,0.004820252,3.0219554901123047e-05,3943899,736.2156362533569,30,0.0,8.091183
-2657857.4243376357,-0.0038267847,2049.0,1964,2014976900.0,0.0041842153,-2.2411346435546875e-05,4005369,748.0766189098358,30,0.0,8.079972
-2465593.366409537,-0.004040166,2032.24,1995,136568090000.0,0.0058431295,9.000301361083984e-06,4067212,760.0708882808685,31,0.0,8.064971
-3065410.8943965225,-0.0038832112,2032.24,2025,3948986000.0,0.004524038,-0.000640869140625,4128682,771.9216086864471,30,0.0,8.060214
-3035411.347437888,-0.004265624,2006.59,2057,5147901000.0,0.0041302764,5.602836608886719e-06,4191685,783.6625995635986,32,0.0,8.039554
-3368321.696637433,-0.0030833057,2023.35,2087,5049951700.0,0.0041679344,4.208087921142578e-05,4253155,795.6763830184937,30,0.0,8.033372
-3790870.4625573796,-0.003807403,2023.35,2117,4618242600.0,0.0037286303,1.1920928955078125e-06,4314625,807.6913554668427,30,0.0,8.037724
-3233785.6181401946,-0.0041600475,2039.91,2147,127188600000.0,0.0044645728,5.960464477539063e-08,4376095,819.5309510231018,30,0.0,8.037982
-4402239.088625137,-0.0038053403,2030.11,2178,19698698000.0,0.004575102,-1.6808509826660156e-05,4437725,831.7953655719757,31,0.0,8.03009
-3844111.7171869483,-0.0041331975,2030.11,2208,3864437500.0,0.0043061534,2.7418136596679688e-06,4499195,844.1701130867004,30,0.0,8.029799
-3748413.985477186,-0.0037559078,2030.11,2238,2488291600.0,0.003613238,7.569789886474609e-06,4560665,856.0732805728912,30,0.0,8.034252
-3346774.8378866585,-0.0035491632,2049.0,2268,110780790000.0,0.004187658,-3.5762786865234375e-07,4622135,868.0706539154053,30,0.0,8.043746
-3497008.731372344,-0.0041914177,2037.22,2299,3247199000.0,0.0041756183,-1.3113021850585938e-06,4684476,880.0451412200928,31,0.0,8.04242
-3637545.6966178734,-0.003793521,2025.65,2329,5804156400.0,0.0041014645,2.7418136596679688e-06,4744789,892.1604526042938,30,0.0,8.034879
-3983122.050550966,-0.0043277363,2025.65,2359,4999376400.0,0.0039253063,2.384185791015625e-07,4806259,904.1194334030151,30,0.0,8.025313
-3109798.2413850813,-0.0039211153,2037.43,2389,4164928300.0,0.0044786474,1.150369644165039e-05,4867729,916.2661654949188,30,0.0,8.033508
-3093946.396312526,-0.0045300187,2019.11,2421,3390457300.0,0.0045957486,9.5367431640625e-07,4930308,928.2433292865753,32,0.0,8.035877
-2786711.8177221254,-0.0045361896,2001.86,2452,136812240000.0,0.004774312,-6.151199340820312e-05,4992102,940.4186789989471,31,0.0,8.030564
-3640812.6709120884,-0.0039013424,1969.53,2485,40223625000.0,0.0032988675,3.159046173095703e-06,5056486,952.6920003890991,33,0.0,8.024442
-3738976.000079242,-0.003948707,1980.41,2516,4816693000.0,0.0053656804,4.589557647705078e-06,5118104,964.8585448265076,31,0.0,8.018769
-3876954.3061069,-0.0036713118,1967.01,2547,3322676700.0,0.0049710553,0.0005709528923034668,5180283,977.2010536193848,31,0.0,8.001141
-2644614.2715787943,-0.0044341227,1984.26,2577,665864960000.0,0.0050562294,-3.0994415283203125e-06,5241753,989.5605850219727,30,0.0,7.990886
-6415723.629312813,-0.0041731885,2025.48,2609,310100130000.0,0.0043393034,-1.1920928955078125e-07,5306309,1001.8859398365021,32,0.0,7.9728694
-6196631.666372377,-0.0043075904,2038.88,2639,4112310800.0,0.0037048818,-9.5367431640625e-07,5367779,1014.1652121543884,30,0.0,7.9691463
-6164005.356812396,-0.0056521157,2013.4,2670,2851231000.0,0.004118167,0.00028884410858154297,5428750,1026.384120464325,31,0.0,7.966766
-2293673.9207823016,-0.004344182,1995.03,2701,2623523800.0,0.0036874334,-2.384185791015625e-07,5490104,1038.6093451976776,31,0.0,7.961395
-2231783.0797018246,-0.0052100657,1959.37,2733,985753400000.0,0.004843795,-1.1920928955078125e-07,5551422,1050.7277557849884,32,0.0,7.945785
-5959107.978188323,-0.0051123127,1984.85,2763,161284210000.0,0.0046428484,1.0907649993896484e-05,5612892,1063.2029120922089,30,0.0,7.946076
-6809963.911230921,-0.0053672967,1958.08,2795,39849402000.0,0.0049577644,-5.0067901611328125e-06,5675783,1075.387924194336,32,0.0,7.9494023
-7506359.833665299,-0.005133167,1984.85,2826,14266840000.0,0.0041915528,1.0132789611816406e-06,5737330,1087.6129474639893,31,0.0,7.937289
-3613884.6610337566,-0.005949348,1986.04,2857,4650407000.0,0.005458755,1.2218952178955078e-05,5799202,1100.0083010196686,31,0.0,7.9277773
-3253105.730823606,-0.00436518,1971.72,2890,11964429000.0,0.0046882336,1.9669532775878906e-06,5862710,1112.6308550834656,33,0.0,7.916061
-2868093.491415305,-0.0055674333,1974.81,2921,4323413000.0,0.0052447417,4.172325134277344e-06,5924682,1125.1527562141418,31,0.0,7.9204564
-3093053.823429754,-0.0048242933,1992.44,2951,4050961400.0,0.0053767175,3.5762786865234375e-07,5986152,1137.2989101409912,30,0.0,7.9177394
-2394834.549113596,-0.0052482327,1999.88,2981,1573743000.0,0.0046202014,-1.0609626770019531e-05,6047622,1149.6258697509766,30,0.0,7.9132953
-2122166.8091574716,-0.0053829607,1973.41,3014,34519220000.0,0.00449303,7.808208465576172e-06,6109227,1161.7367610931396,33,0.0,7.912624
-5426322.248829945,-0.0055735135,1988.88,3044,961383000000.0,0.005335756,-1.71661376953125e-05,6170697,1174.2722284793854,30,0.0,7.9002504
-7455707.211208447,-0.005569174,1934.16,3076,212662910000.0,0.0052214446,-3.5762786865234375e-07,6230793,1186.6825511455536,32,0.0,7.894653
-14963388.79227754,-0.00599422,1929.55,3109,2178067100000.0,0.006423444,0.00013709068298339844,6293291,1198.909581899643,33,0.0,7.888352
-14292320.827245846,-0.005385646,1932.49,3140,18545285000.0,0.004344044,2.562999725341797e-06,6355750,1211.4241528511047,31,0.0,7.8798785
-13359545.965259938,-0.005101809,1946.12,3172,4361542000.0,0.0042280476,9.953975677490234e-06,6419000,1223.825201511383,32,0.0,7.8876653
-4878758.419117597,-0.0060696127,1906.21,3209,2979303200.0,0.0047397674,0.0002213120460510254,6483912,1236.4077577590942,37,0.0,7.896073
-1802499.3469892002,-0.0063511254,1875.27,3242,32287623000.0,0.004429431,-0.0022922754287719727,6547375,1248.9825093746185,33,0.0,7.888049
-2030004.2153706346,-0.006413402,1881.11,3273,29736268000.0,0.0061386996,-2.193450927734375e-05,6609160,1262.056230545044,31,0.0,7.8808284
-1804136.8626811341,-0.006484006,1889.23,3308,1070321300.0,0.006233269,-0.00010883808135986328,6670786,1274.2922701835632,35,0.0,7.869145
-2445503.4788437975,-0.005433841,1833.25,3340,100300090000.0,0.0042369603,0.0001596212387084961,6727460,1286.6516451835632,32,0.0,7.8795314
-9845657.237120327,-0.0058484524,1772.33,3375,1871161700000.0,0.0041697407,1.2636184692382812e-05,6790491,1298.9204354286194,35,0.0,7.869679
-10431744.854343932,-0.005449757,1814.95,3408,689509560000.0,0.0049689054,-2.5272369384765625e-05,6852281,1311.4029359817505,33,0.0,7.863418
-14699396.364880707,-0.006024648,1811.81,3441,586346460000.0,0.0043756887,-0.0005517005920410156,6910690,1324.0577223300934,33,0.0,7.8470044
-8637742.996015014,-0.005256095,1836.92,3475,6645191000.0,0.00408008,-0.00030493736267089844,6974183,1336.465848684311,34,0.0,7.8363805
-8513696.87014184,-0.0059526702,1824.65,3507,186228970000.0,0.0062264903,7.271766662597656e-06,7032697,1349.116492986679,32,0.0,7.8368115
-4806125.11090935,-0.0066927127,1776.01,3542,1994145900.0,0.0057784766,-0.013295412063598633,7090340,1361.5924942493439,35,0.0,7.8468976
-4331384.42339709,-0.006926564,1796.05,3575,279954000000.0,0.004628572,-8.344650268554688e-07,7153788,1374.319875240326,33,0.0,7.8366084
-4162266.7270968496,-0.0065328768,1754.53,3611,46516953000.0,0.005057093,-0.0003503561019897461,7216346,1387.0888516902924,36,0.0,7.8293004
-3934478.0436224006,-0.006283795,1821.84,3644,285296200000.0,0.005363075,2.7418136596679688e-06,7276622,1400.1140177249908,33,0.0,7.8248286
-3832994.3492872175,-0.006766015,1826.46,3678,46197760000.0,0.005430962,0.0010612010955810547,7340793,1412.6574771404266,34,0.0,7.8299403
-4426564.885336292,-0.006610319,1846.35,3711,31466252000.0,0.004943305,0.0001429915428161621,7400981,1425.6321122646332,33,0.0,7.8145876
-2854327.582474317,-0.0059871967,1794.02,3749,350683000000.0,0.0045856037,5.602836608886719e-06,7463828,1438.314100265503,38,0.0,7.795716
-4046923.251236111,-0.006875066,1751.95,3782,34819710000.0,0.0057461103,-0.0008749961853027344,7524184,1450.9959170818329,33,0.0,7.7919574
-2668306.1058016596,-0.006378251,1658.44,3824,6694258700.0,0.0064152647,-0.0004417896270751953,7586828,1463.640748500824,42,0.0,7.7939916
-11112626.085338032,-0.0056983423,1637.27,3858,2328203400000.0,0.0072201476,-0.001439809799194336,7645996,1476.4476211071014,34,0.0,7.789536
-10341186.19736947,-0.0074157314,1684.05,3895,46521758000.0,0.0046316376,-0.003492116928100586,7708084,1489.1842801570892,37,0.0,7.7816663
-10478952.937556667,-0.0069583347,1760.06,3931,122902040000.0,0.006352371,1.1920928955078125e-07,7772350,1502.0356123447418,36,0.0,7.7685094
-2157695.9679610026,-0.0072811297,1743.06,3966,85556680000.0,0.0049281917,-9.5367431640625e-07,7833454,1515.0909650325775,35,0.0,7.757854
-3012588.269809364,-0.006992628,1761.84,3999,2441414400.0,0.005142544,-2.384185791015625e-07,7892464,1527.996531009674,33,0.0,7.756103
-2343017.4657234075,-0.006384293,1701.91,4037,54085927000.0,0.005104797,-1.1920928955078125e-07,7954835,1541.0554563999176,38,0.0,7.761124
-2003665.7960095531,-0.0069677443,1688.17,4073,1611184000.0,0.0071282964,-2.384185791015625e-07,8015144,1553.675568819046,36,0.0,7.7503057
-1264564.597564845,-0.0067965863,1735.05,4105,145200680000.0,0.004796974,-0.00020015239715576172,8076392,1566.419723033905,32,0.0,7.748233
-2965087.5554694617,-0.006100619,1744.28,4140,239532410000.0,0.004934383,-1.1920928955078125e-07,8135410,1579.2196915149689,35,0.0,7.740235
-5837254.985047566,-0.006782353,1717.87,4181,81962074000.0,0.006422958,-1.1920928955078125e-07,8199691,1591.9630086421967,41,0.0,7.732285
-5234199.445568511,-0.0059215603,1622.9,4218,4973604400.0,0.0052656746,9.357929229736328e-06,8262719,1604.808125257492,37,0.0,7.7332807
-3178381.15107203,-0.0078549255,1719.73,4253,6790256000.0,0.006942169,3.993511199951172e-06,8325249,1617.4402332305908,35,0.0,7.715363
-1183739.5066340116,-0.007320464,1656.69,4295,28133675000.0,0.005974902,4.64320182800293e-05,8389230,1630.3162434101105,42,0.0,7.7034636
-1887004.6341307522,-0.0069061844,1543.61,4332,118504186000.0,0.0056728804,-1.8358230590820312e-05,8444073,1643.2317118644714,37,0.0,7.693279
-2541412.2079715393,-0.00686136,1548.73,4375,42579083000.0,0.0043336432,-2.9325485229492188e-05,8512640,1656.22447681427,43,0.0,7.69278
-2346915.050587016,-0.0057961056,1508.0,4418,1552046100.0,0.0049922336,-0.0006560087203979492,8577274,1669.0716047286987,43,0.0,7.699814
-2178248.583871716,-0.0064815213,1531.59,4458,78605200000.0,0.0060446034,-0.0006134510040283203,8640430,1682.6555924415588,40,0.0,7.6897435
-2539301.761396662,-0.0070930733,1597.53,4494,48307794000.0,0.0056850067,-0.0014003515243530273,8699388,1695.5981104373932,36,0.0,7.6864667
-2232992.2976115146,-0.007523741,1607.69,4533,79333640000.0,0.0049060723,3.874301910400391e-06,8761104,1708.516531944275,39,0.0,7.6872706
-3467528.193643314,-0.006336291,1584.91,4571,110035380000.0,0.00542382,-0.00019681453704833984,8819408,1721.7204172611237,38,0.0,7.6873293
-2648363.4944000803,-0.007536518,1492.81,4613,1095268400.0,0.006054645,-5.245208740234375e-06,8879022,1734.5165429115295,42,0.0,7.6890826
-858844.1821768519,-0.0068715885,1335.05,4663,4193053000.0,0.0048674364,4.172325134277344e-07,8938468,1747.5587294101715,50,0.0,7.693501
-1339404.4906982835,-0.006481218,1272.04,4717,151101650000.0,0.0052821,1.8656253814697266e-05,9009157,1760.381190776825,54,0.0,7.6867976
-1339067.345711151,-0.0066491035,1385.53,4758,5991266300.0,0.0043961843,0.0,9068264,1773.4271802902222,41,0.0,7.68687
-2709808.1442791536,-0.0066040815,1421.93,4803,85748380000.0,0.004485376,-0.00011491775512695312,9133401,1786.5069167613983,45,0.0,7.692723
-2228666.322967639,-0.0077058496,1286.49,4852,99890460000.0,0.0049646567,-0.00032889842987060547,9187875,1799.6540973186493,49,0.0,7.692874
-2326196.418380874,-0.005824302,1202.68,4900,166295290000.0,0.004968309,-0.0005038976669311523,9248872,1812.9526340961456,48,0.0,7.6895556
-2789568.4425865514,-0.005947767,1290.06,4946,130913740000.0,0.003423252,-0.00010418891906738281,9311311,1826.351947069168,46,0.0,7.6836853
-2468991.9325361834,-0.00685292,1444.93,4988,741204700000.0,0.0056984215,-3.2782554626464844e-05,9374735,1839.5768010616302,42,0.0,7.6784215
-4945565.568368712,-0.007306646,1416.95,5033,19275480000.0,0.005731067,4.690885543823242e-05,9433840,1852.8633434772491,45,0.0,7.6710973
-4908012.468860308,-0.0068761418,1375.44,5077,6697665000.0,0.0050138207,0.00019681453704833984,9496525,1865.9060745239258,44,0.0,7.6711583
-1545814.8383246583,-0.0071562063,1351.68,5125,4384407600.0,0.0050684013,-0.001008152961730957,9561634,1878.8241288661957,48,0.0,7.6664386
-699908.1759626186,-0.008431203,1353.24,5167,6366971000.0,0.0046376437,-0.0008118152618408203,9618314,1891.9567339420319,42,0.0,7.667175
-1048216.8257127068,-0.007209906,1318.24,5212,33076160000.0,0.007100939,-0.0026966333389282227,9678440,1904.975359916687,45,0.0,7.6665998
-1351008.6655819817,-0.0068890625,1386.87,5252,22819265000.0,0.006221515,1.6689300537109375e-06,9735756,1917.9888076782227,40,0.0,7.6700435
-1036353.3124314601,-0.0074232174,1268.4,5301,107722820000.0,0.0054773632,1.1920928955078125e-07,9799318,1931.1915299892426,49,0.0,7.669494
-1482179.8827795228,-0.00655157,1325.62,5346,87295220000.0,0.0050722715,-4.0531158447265625e-06,9859801,1944.345487833023,45,0.0,7.661346
-2357253.028977882,-0.0073722303,1343.25,5398,107056810000.0,0.004380353,-1.5497207641601562e-06,9929663,1958.1690168380737,52,0.0,7.6590548
-2164188.111408426,-0.006547038,1309.5,5446,2603528000.0,0.0037790209,-0.006192922592163086,9990751,1971.509949684143,48,0.0,7.650822
-1847395.484903935,-0.0069048745,1232.12,5503,99286380000.0,0.0053020446,-4.398822784423828e-05,10055718,1984.7909650802612,57,0.0,7.6428876
-2067232.908161088,-0.0073841126,1144.31,5550,114234490000.0,0.005394736,1.9252300262451172e-05,10112481,1998.3055572509766,47,0.0,7.64951
-1822296.4828976067,-0.0074028787,1253.92,5599,45466890000.0,0.004949822,-8.118152618408203e-05,10176345,2011.7051224708557,49,0.0,7.6509557
-1224591.579861915,-0.0066402657,1298.48,5640,145390030000.0,0.005734415,-0.0012459754943847656,10232000,2025.0725531578064,41,0.0,7.6545863
-1353346.19700598,-0.0069774524,1407.33,5685,59117430000.0,0.0045274566,-0.00034058094024658203,10296916,2038.8125026226044,45,0.0,7.6464696
-1922975.5418585956,-0.006940629,1335.66,5729,208410440000.0,0.005980253,-9.012222290039062e-05,10353446,2051.9027009010315,44,0.0,7.6516414
-2121987.4490145305,-0.0062778876,1391.75,5770,75454570000.0,0.0077278884,-0.0001220703125,10416270,2064.932739019394,41,0.0,7.651093
-2229491.9036766626,-0.00600969,1370.55,5816,56245563000.0,0.004767994,-0.0032923221588134766,10476134,2078.347664833069,46,0.0,7.6502337
-2568061.1535770204,-0.008082879,1394.28,5858,164345230000.0,0.006082688,-5.4836273193359375e-06,10534430,2091.7015347480774,42,0.0,7.640625
-2418540.5846179724,-0.007542761,1352.28,5904,18295998000.0,0.0069845715,-0.0003845691680908203,10598344,2105.175957918167,46,0.0,7.6384706
-1977940.1886874295,-0.006570404,1337.57,5948,9418438000.0,0.0048078955,1.7881393432617188e-07,10656361,2118.4814155101776,44,0.0,7.6306334
-1070347.832865057,-0.007938417,1293.63,6000,5063959000.0,0.006069141,-9.5367431640625e-07,10719511,2132.0258424282074,52,0.0,7.617722
-989404.983124421,-0.0075629735,1310.82,6043,2958347000.0,0.006133814,-2.1457672119140625e-06,10780315,2145.3641629219055,43,0.0,7.616135
-459619.57786857657,-0.0068787355,1196.59,6105,361058300000.0,0.0041520023,4.172325134277344e-07,10847651,2158.645859003067,62,0.0,7.6204114
-2268063.771143401,-0.0066276877,1168.5,6159,10222828000.0,0.0048218765,2.8014183044433594e-06,10910941,2171.912838935852,54,0.0,7.613696
-2194627.3316966603,-0.0068410477,1262.45,6202,153698070000.0,0.0055372245,-0.0001131296157836914,10971417,2185.293256044388,43,0.0,7.607331
-1780182.0006179595,-0.0077421186,1371.05,6241,48662147000.0,0.0053866175,-2.2649765014648438e-06,11027664,2198.860448360443,39,0.0,7.612865
-2410355.276769425,-0.00679041,1380.95,6292,208336930000.0,0.0047385553,-0.00015926361083984375,11094060,2212.1973502635956,51,0.0,7.618153
-1219846.6947865703,-0.0057251095,1182.12,6351,1521066700000.0,0.0049085324,-9.5367431640625e-07,11157037,2225.5763261318207,59,0.0,7.625903
-8118382.584195385,-0.007310812,1067.35,6402,221111370000.0,0.0048059463,-1.3113021850585938e-06,11216228,2239.1768593788147,51,0.0,7.6260333
-11706269.927075345,-0.007707258,1104.25,6461,606385200000.0,0.00523735,1.1920928955078125e-07,11275735,2253.15864109993,59,0.0,7.624684
-5432128.663620292,-0.008104259,1058.32,6515,56486190000.0,0.0054121288,4.470348358154297e-06,11338081,2266.6001856327057,54,0.0,7.6189227
-1890353.0935026417,-0.0067135487,1177.43,6569,1246855000000.0,0.0045120516,-8.356571197509766e-05,11400576,2280.137672662735,54,0.0,7.6208797
-6001814.607835406,-0.007886826,1185.49,6616,24818143000.0,0.00568023,-0.00035893917083740234,11458679,2293.5804958343506,47,0.0,7.638397
-6600140.61677352,-0.008708107,1150.15,6675,278940420000.0,0.00619232,-0.0007009506225585938,11524137,2307.137587785721,59,0.0,7.641804
-5482047.668027621,-0.0075863316,1183.16,6725,711771900000.0,0.0062301834,-6.115436553955078e-05,11585311,2320.659711122513,50,0.0,7.6347837
-7317818.1386148445,-0.007626004,1175.23,6777,763459670000.0,0.005407064,1.1920928955078125e-07,11643975,2334.298621416092,52,0.0,7.632919
-2560467.452909735,-0.0068466314,1042.75,6838,29551835000.0,0.0054457933,5.960464477539063e-08,11705828,2347.8482143878937,61,0.0,7.6264186
-1478005.1285041142,-0.0075512137,1191.58,6885,131268090000.0,0.0043862225,-0.00028502941131591797,11767791,2361.599616289139,47,0.0,7.6179814
-1964018.1240890527,-0.0070469,1212.85,6937,124262570000.0,0.0054414296,-0.00018525123596191406,11825638,2375.36087846756,52,0.0,7.6114955
-2527077.295945499,-0.0083581,1190.58,6987,74568900000.0,0.005589907,-9.202957153320312e-05,11889155,2389.5053899288177,50,0.0,7.6112323
-3063853.4919642885,-0.007855925,1133.15,7052,53531365000.0,0.005266027,-3.2186508178710938e-06,11955885,2403.075996398926,65,0.0,7.608838
-2265690.7751831557,-0.0073631434,1111.44,7109,1161445800000.0,0.0055927276,0.0,12019613,2416.656366109848,57,0.0,7.6084013
-6514625.164943099,-0.008248565,1086.6,7163,131882344000.0,0.005275389,-1.1920928955078125e-07,12081810,2430.1921248435974,54,0.0,7.6076655
-613623.0346828802,-0.0070114946,1053.86,7220,252310650000.0,0.006683293,-1.1920928955078125e-07,12141283,2443.8095903396606,57,0.0,7.6081805
-3827416.448562424,-0.0073205284,1122.07,7268,94807140000.0,0.00491514,-5.245208740234375e-06,12202398,2457.7177560329437,48,0.0,7.591747
-4652005.68453016,-0.008025296,1073.27,7329,39278432000.0,0.005455604,-2.5033950805664062e-05,12263095,2471.3984060287476,61,0.0,7.578648
-908116.0031603841,-0.008292096,964.07,7389,423823970000.0,0.005762737,-2.5033950805664062e-05,12318844,2485.0399646759033,60,0.0,7.577144
-3726543.451570028,-0.0072243265,1145.66,7435,93589320000.0,0.0048059495,-8.881092071533203e-05,12381642,2499.09867477417,46,0.0,7.5788274
-3717502.6271526082,-0.00697465,1133.08,7500,21320622000.0,0.0054349657,-6.9141387939453125e-06,12446211,2512.7791681289673,65,0.0,7.579453
-891211.9332568075,-0.008148943,1103.48,7546,14371909000.0,0.00601994,-0.0007371902465820312,12505159,2527.023320198059,46,0.0,7.582898
-584007.578301077,-0.007302239,1083.19,7609,8285113000.0,0.005782126,2.980232238769531e-07,12569288,2540.8016896247864,63,0.0,7.5720243
-1061012.5902755337,-0.007711774,1121.29,7658,4186383400.0,0.0063495655,1.7285346984863281e-06,12628755,2554.6887333393097,49,0.0,7.56041
-618497.1385264259,-0.007884807,1129.55,7717,79194940000.0,0.0044606198,4.4405460357666016e-05,12693668,2568.552747488022,59,0.0,7.566029
-1381725.966816489,-0.007600086,1000.53,7775,4442768000.0,0.004942435,-2.6106834411621094e-05,12751994,2582.5042757987976,58,0.0,7.562755
-1366504.3932177527,-0.0081225205,995.29,7841,894079530000.0,0.0047810725,-7.152557373046875e-07,12815118,2596.4147152900696,66,0.0,7.5573125
-3383914.602600329,-0.0066530234,937.86,7907,907137200000.0,0.005226065,5.364418029785156e-07,12872517,2610.2069590091705,66,0.0,7.561519
-6099868.984646667,-0.006888843,1039.5,7971,124832560000.0,0.0060398947,2.384185791015625e-07,12940935,2624.2438938617706,64,0.0,7.5612493
-6614868.074729082,-0.006976942,1195.04,8014,105278860000.0,0.0039775115,0.0,13002914,2638.3531942367554,43,0.0,7.5523806
-1951725.8779846749,-0.0073614814,1350.57,8066,52853610000.0,0.0052159927,8.481740951538086e-05,13068525,2652.0405325889587,52,0.0,7.544663
-1396504.9398952958,-0.0069743455,1161.94,8116,30700240000.0,0.0053872857,3.337860107421875e-06,13123206,2666.174537420273,50,0.0,7.541859
-1740972.6193025282,-0.00885721,1270.91,8157,23064080000.0,0.006461036,4.1961669921875e-05,13181022,2680.4598989486694,41,0.0,7.54129
-2340658.2263800427,-0.008445587,1219.45,8207,111783010000.0,0.0053929165,-1.1801719665527344e-05,13239575,2694.4554102420807,50,0.0,7.5384173
-1297156.2608938671,-0.0074549885,1211.14,8257,112552210000.0,0.004865271,0.0,13302136,2708.333735704422,50,0.0,7.541988
-1341771.7123157703,-0.0075085824,1217.17,8313,138858560000.0,0.0059133875,1.1920928955078125e-06,13369824,2722.3901221752167,56,0.0,7.533219
-1811050.8644516012,-0.0072661615,1250.69,8362,25195047000.0,0.005128123,-0.00031065940856933594,13431804,2736.298736810684,49,0.0,7.52951
-1984742.0312558478,-0.007572792,1111.05,8419,720940430000.0,0.006024549,0.0,13490655,2750.1877987384796,57,0.0,7.5329394
-5130545.897688733,-0.00660232,1082.98,8469,452226220000.0,0.0063481187,-1.1920928955078125e-07,13545336,2764.2011659145355,50,0.0,7.535568
-6222795.4761114,-0.0068738135,1057.9,8533,43768450000.0,0.0049257823,8.881092071533203e-06,13613222,2778.228514432907,64,0.0,7.544266
-2903346.0178808533,-0.006548068,1181.29,8584,116328630000.0,0.0057492275,-3.933906555175781e-05,13679353,2792.227714061737,51,0.0,7.5385437
-1178895.5949084864,-0.007056046,1141.97,8643,64284500000.0,0.005770616,-5.960464477539062e-07,13740097,2806.2316443920135,59,0.0,7.533826
-1363415.6441063562,-0.0076233046,1102.4,8689,171067210000.0,0.0052339155,3.2782554626464844e-06,13796405,2821.0365178585052,46,0.0,7.5335126
-2107118.9271681677,-0.0084946,1140.69,8745,56336850000.0,0.0050423476,-3.0875205993652344e-05,13855255,2835.020631313324,56,0.0,7.541428
-1764094.5091045678,-0.0067016566,1096.04,8803,12132890000.0,0.0054121395,1.1920928955078125e-07,13920219,2848.8957290649414,58,0.0,7.5401487
-1633440.117061367,-0.0073353886,1082.21,8856,17937170000.0,0.004252384,-0.0012197494506835938,13977862,2862.9337029457092,53,0.0,7.540286
-1505395.4554410148,-0.0073567405,1059.33,8916,26110595000.0,0.004875993,-0.0004557371139526367,14041544,2876.914106607437,60,0.0,7.5310626
-1357217.723054073,-0.0073502813,1075.34,8974,48894984000.0,0.0050889356,-9.512901306152344e-05,14104929,2891.0380470752716,58,0.0,7.536362
-1801068.9806852178,-0.0073336195,1092.55,9032,167411270000.0,0.004622952,3.165006637573242e-05,14168101,2905.1954708099365,58,0.0,7.5384855
-2048046.5450493458,-0.0070536504,1142.06,9082,7670559000.0,0.006913543,3.5762786865234375e-07,14226456,2919.1407527923584,50,0.0,7.524322
-1250077.1362439247,-0.007688765,1201.43,9133,234988550000.0,0.0043368638,-3.5762786865234375e-07,14289413,2933.520361661911,51,0.0,7.5146327
-4278173.374390023,-0.008910055,1197.2,9182,315306300000.0,0.0063189734,0.0,14346176,2947.7582404613495,49,0.0,7.5093684
-4873724.352192555,-0.007964793,1231.4,9234,76497700000.0,0.0062050046,-1.1920928955078125e-07,14414602,2962.4232177734375,52,0.0,7.5163875
-1609274.859822613,-0.0064895866,1135.25,9291,417157150000.0,0.004915111,-1.1920928955078125e-07,14471366,2976.7725200653076,57,0.0,7.523998
-6365924.101597108,-0.008092129,1114.94,9337,255927160000.0,0.0058253333,8.314847946166992e-05,14530691,2990.9370090961456,46,0.0,7.516087
-5315185.461060438,-0.0077010114,1229.88,9396,251566370.0,0.0052744877,-4.589557647705078e-05,14598875,3005.085263967514,59,0.0,7.511002
-245380.33308847313,-0.006883237,1141.47,9451,34106542000.0,0.005526469,-3.5762786865234375e-07,14661217,3019.210546016693,55,0.0,7.503453
-1007412.5743708997,-0.0067111114,998.04,9515,40602358000.0,0.003934787,0.0,14723327,3033.451630115509,64,0.0,7.493358
-2120351.4612867576,-0.0068575144,1061.92,9571,198714700000.0,0.0050603747,-6.4373016357421875e-06,14783428,3047.5942034721375,56,0.0,7.4921575
-1673473.0322254298,-0.0071408283,1065.46,9622,54467650000.0,0.0060165864,0.0,14840619,3061.868986606598,51,0.0,7.4916716
-1430439.1003433904,-0.007799003,1143.12,9675,542858800.0,0.005666674,-0.0005394220352172852,14904248,3076.0545959472656,53,0.0,7.4949994
-717762.0184524547,-0.007789702,1166.25,9732,2288753200.0,0.004705376,-4.887580871582031e-05,14968617,3090.567920446396,57,0.0,7.5024066
-589497.8983710781,-0.007176792,1024.52,9792,900941700.0,0.004957405,-6.4373016357421875e-06,15028273,3104.925833940506,60,0.0,7.5069857
-258644.42791546576,-0.008882384,998.87,9857,7536610000.0,0.0057065426,-2.8371810913085938e-05,15090808,3119.589458465576,65,0.0,7.5156856
-976700.2416057412,-0.007414456,945.8,9922,30229650000.0,0.0048607737,5.960464477539062e-07,15155370,3133.988448381424,65,0.0,7.5159307
-964992.0421396743,-0.008095595,1008.89,9977,180800100000.0,0.0059193713,-2.384185791015625e-07,15213933,3148.17609000206,55,0.0,7.51167
-4276731.553214328,-0.0077632545,1082.74,10031,57629200000.0,0.004746109,-6.401538848876953e-05,15271764,3162.394586801529,54,0.0,7.507752
-1831310.358531376,-0.0068658222,971.9,10095,18245693000.0,0.0058039506,-7.76052474975586e-05,15330576,3176.895988702774,64,0.0,7.508983
-824146.1268058443,-0.006415693,1115.7,10145,372237240000.0,0.005828329,-0.00016796588897705078,15394767,3191.3835785388947,50,0.0,7.504929
-3875338.2761950027,-0.0079744095,1257.84,10197,28079250000.0,0.0064161206,-2.384185791015625e-06,15458484,3205.538788318634,52,0.0,7.4994173
-3698856.744980514,-0.00679635,1010.83,10264,45027820000.0,0.0042502345,-5.960464477539062e-07,15519140,3220.1671044826508,67,0.0,7.4997716
-921296.7628841099,-0.008672128,1026.09,10314,6087499300.0,0.0047286283,-0.00031507015228271484,15578653,3234.4743740558624,50,0.0,7.501404
-579742.3704086941,-0.0063825785,1157.93,10365,119331340000.0,0.0054461416,-1.5497207641601562e-06,15635472,3248.945151567459,51,0.0,7.49437
-3447596.6745225447,-0.008260489,1071.5,10431,111826640000.0,0.0046619107,5.960464477539063e-08,15704236,3263.8418383598328,66,0.0,7.504791
-3712703.835300479,-0.0074486304,1136.5,10481,268040590000.0,0.0066287946,5.364418029785156e-07,15761274,3278.4196541309357,50,0.0,7.5061994
-2109744.470475692,-0.008007107,1137.2,10539,154798920000.0,0.0052416753,-1.0728836059570312e-06,15823399,3292.658368587494,58,0.0,7.51242
-3931888.0185565334,-0.006685967,996.76,10608,69798216000.0,0.0056005917,-4.76837158203125e-07,15891087,3307.1471388339996,69,0.0,7.51479
-2679067.3615198927,-0.0086756935,980.21,10668,9165617000.0,0.0048796893,7.677078247070312e-05,15951153,3321.8174731731415,60,0.0,7.504443
-846854.0538879111,-0.007318579,1045.03,10722,101452200000.0,0.0051248893,0.0,16010401,3336.4817168712616,54,0.0,7.496396
-1404432.3982410845,-0.007176182,977.16,10791,41485190000.0,0.0058982726,1.7881393432617188e-07,16076727,3350.8205959796906,69,0.0,7.4896703
-1773843.4985734802,-0.0074568912,1040.82,10850,40490476000.0,0.006375,-4.2438507080078125e-05,16142083,3365.110779285431,59,0.0,7.4901247
-1901284.986034997,-0.007975234,1019.31,10909,117465310000.0,0.005170999,-7.152557373046875e-07,16198946,3379.6147389411926,59,0.0,7.4924955
-1497853.001071611,-0.008158685,1021.5,10968,11396949000.0,0.004884623,-1.430511474609375e-05,16259583,3394.4643833637238,59,0.0,7.486858
-925963.3247035895,-0.007303846,856.41,11038,22082138000.0,0.0042957873,1.6093254089355469e-06,16316363,3409.708757162094,70,0.0,7.4913983
-1129413.2063343427,-0.0072212513,822.55,11111,82954890000.0,0.0045923707,2.9206275939941406e-06,16379745,3424.197583913803,73,0.0,7.4965825
-1339003.5438376116,-0.0073901694,917.5,11178,3275155000.0,0.005461465,-4.649162292480469e-06,16439785,3438.7927248477936,67,0.0,7.4959674
-1095668.2471415913,-0.007856937,719.28,11258,98007150000.0,0.005328386,-8.690357208251953e-05,16497476,3453.411929130554,80,0.0,7.499603
-942384.7983206718,-0.0071599293,846.35,11332,8845392000.0,0.006453077,3.159046173095703e-06,16567014,3467.9028754234314,74,0.0,7.510239
-998774.5565836016,-0.0073562018,891.1,11399,70278010000.0,0.004510373,5.960464477539063e-08,16624875,3482.6595618724823,67,0.0,7.508327
-996517.4808960104,-0.0073725632,960.19,11464,4834845700.0,0.00534375,-0.0003025531768798828,16689444,3497.406048297882,65,0.0,7.496112
-1122223.9390255094,-0.00702748,929.58,11533,81450720000.0,0.0040803235,-2.110004425048828e-05,16749683,3512.144404411316,69,0.0,7.4905353
-1358323.4094182118,-0.0072051627,840.43,11604,44972180000.0,0.0048983307,-2.384185791015625e-07,16810997,3526.699769973755,71,0.0,7.495423
-1318132.2819709647,-0.0074188844,858.44,11678,31985453000.0,0.00519543,-0.0001366138458251953,16874253,3541.2701478004456,74,0.0,7.495099
-1038426.5436462185,-0.007834671,796.53,11754,18608654000.0,0.004702683,-1.0728836059570312e-06,16933793,3556.522409915924,76,0.0,7.4934206
-467619.37560457044,-0.0077409316,838.31,11812,3595567000.0,0.0049678176,4.291534423828125e-06,16987438,3571.0300657749176,58,0.0,7.493545
-1046087.3779570705,-0.0074935528,984.89,11872,90050940000.0,0.004992008,-0.00020766258239746094,17049045,3585.8700606822968,60,0.0,7.4909816
-874325.6982106892,-0.0077949087,843.44,11950,69864970000.0,0.004353591,-1.3113021850585938e-06,17112432,3600.302384376526,78,0.0,7.4953914
-1317378.4863000282,-0.007152148,872.64,12022,113273960000.0,0.0035091625,-1.5974044799804688e-05,17175760,3615.1407911777496,72,0.0,7.508449
-3624059.6061223387,-0.0083076265,997.41,12078,444222000000.0,0.005146943,-0.00010275840759277344,17235908,3629.8917603492737,56,0.0,7.515033
-1122307.420192688,-0.008055824,1036.89,12143,46444245000.0,0.0052964715,-5.245208740234375e-06,17306052,3644.4809460639954,65,0.0,7.52148
-817080.5652753228,-0.00664889,966.09,12206,34921310000.0,0.0047233193,-8.893013000488281e-05,17364725,3659.326902151108,63,0.0,7.526707
-188403.41299429093,-0.007936855,849.75,12282,55775814000.0,0.005100739,-8.58306884765625e-06,17426704,3674.360134124756,76,0.0,7.53003
-1107869.3599776223,-0.0073106242,746.56,12358,20830982000.0,0.00437195,-1.3232231140136719e-05,17481956,3689.1922600269318,76,0.0,7.525116
-1550889.3764643886,-0.006955988,981.19,12413,30258096000.0,0.005167152,0.0,17543268,3704.0916628837585,55,0.0,7.51411
-972896.7014811917,-0.0071069477,926.99,12491,41953677000.0,0.0046326243,0.0,17609961,3719.471937894821,78,0.0,7.5153394
-975634.4051625566,-0.00791998,954.16,12552,50970116000.0,0.0051424266,-3.5762786865234375e-07,17670085,3734.4465239048004,61,0.0,7.5185857
-1423185.1684702153,-0.007648401,961.78,12618,23520158000.0,0.0056247087,0.0,17730135,3749.3291351795197,66,0.0,7.5239863
-416446.96885505936,-0.007488227,851.99,12692,283843620000.0,0.0041736388,-2.0265579223632812e-06,17791874,3764.063361644745,74,0.0,7.530132
-4119563.282864479,-0.007248898,747.57,12779,220321640000.0,0.004393473,5.900859832763672e-06,17857351,3778.8510880470276,87,0.0,7.5404315
-831757.3642671725,-0.0072106165,777.89,12850,121388180000.0,0.005050509,-1.5020370483398438e-05,17915419,3793.5902016162872,71,0.0,7.5362287
-1501997.9736350132,-0.007007749,718.7,12939,32076337000.0,0.0039855614,2.384185791015625e-07,17980689,3808.513479948044,89,0.0,7.53984
-435872.6342342623,-0.0062957117,850.96,13001,1540685300.0,0.004064373,5.960464477539063e-08,18041332,3823.448600769043,62,0.0,7.5335994
-875137.2896232391,-0.0065888544,770.71,13076,56365085000.0,0.0049644536,1.1920928955078125e-07,18099158,3838.278323173523,75,0.0,7.5305524
-1150459.97244025,-0.005895974,806.62,13142,156665020000.0,0.003777407,-2.5510787963867188e-05,18160173,3853.1844322681427,66,0.0,7.535584
-2425492.2076618746,-0.007253647,952.42,13210,204994200000.0,0.004337991,1.7881393432617188e-07,18226342,3868.831146478653,68,0.0,7.53555
-972482.112144283,-0.0074357106,816.36,13284,1387530500.0,0.004529192,2.5033950805664062e-06,18284342,3883.807753801346,74,0.0,7.5420833
-179987.7018168749,-0.0071566794,768.68,13363,18183039000.0,0.0046153585,-2.7418136596679688e-06,18346745,3898.936692237854,79,0.0,7.5467877
-1198074.3086325298,-0.007567189,808.67,13440,248592450000.0,0.0048976038,-8.571147918701172e-05,18412603,3914.121863603592,77,0.0,7.557938
-1916069.2334885998,-0.006754388,710.45,13528,60423004000.0,0.0038598438,-2.86102294921875e-06,18471669,3929.0754313468933,88,0.0,7.5522
-568435.0967157083,-0.006347805,592.64,13623,122689370000.0,0.0042862343,5.960464477539063e-08,18528022,3944.012934923172,95,0.0,7.5503535
-975510.7029365401,-0.0071550966,753.5,13699,2865811200.0,0.006143576,2.1457672119140625e-06,18589754,3958.8685846328735,76,0.0,7.5432124
-692253.7235122682,-0.007664117,806.83,13773,4633359000.0,0.004589291,-3.5762786865234375e-07,18650482,3973.7219426631927,74,0.0,7.5481234
-1239937.2829070115,-0.0068884823,730.11,13866,46857560000.0,0.004748382,-5.960464477539062e-07,18720011,3988.6593899726868,93,0.0,7.548175
-702007.1979339023,-0.007563501,781.63,13934,95087400000.0,0.005244715,5.960464477539063e-08,18771708,4003.828138113022,68,0.0,7.558746
-2172318.152085342,-0.007020734,828.23,14012,119271710000.0,0.004799984,1.1920928955078125e-07,18839257,4019.6690406799316,78,0.0,7.556396
-2441770.357196552,-0.008208339,843.1,14087,19903640000.0,0.0050243703,0.0,18895819,4034.688920021057,75,0.0,7.5587964
-503608.9444431745,-0.0073720873,937.4,14159,34751460000.0,0.004162121,-0.00010037422180175781,18963911,4049.802836894989,72,0.0,7.5544324
-1102879.9140119087,-0.008082023,874.16,14232,39137825000.0,0.00429046,-1.9073486328125e-06,19022220,4064.8507537841797,73,0.0,7.559544
-1033285.1716439249,-0.0074756234,777.0,14309,61964374000.0,0.0050649177,-2.384185791015625e-07,19080443,4080.098313808441,77,0.0,7.567462
-1539452.02190706,-0.0073074223,719.41,14403,155096100000.0,0.0049060616,-0.00012576580047607422,19146578,4095.26958155632,94,0.0,7.581055
-1922016.397569415,-0.0063304445,802.47,14469,83688374000.0,0.0048126834,-2.5033950805664062e-06,19207188,4110.594602584839,66,0.0,7.5835423
-4278270.198604409,-0.007349816,766.97,14548,281435300000.0,0.0047471514,-9.775161743164062e-06,19267648,4125.557681083679,79,0.0,7.577953
-4152083.662218067,-0.008148731,804.57,14618,257584100000.0,0.005670469,-6.330013275146484e-05,19327001,4140.759741306305,70,0.0,7.575649
-1269804.9172898103,-0.006531136,836.69,14690,6680305000.0,0.007983383,0.0,19388467,4155.939750671387,72,0.0,7.5716357
-652067.4603860391,-0.00863667,824.36,14771,11783640000.0,0.0044283797,0.0,19453685,4171.867835998535,81,0.0,7.571076
-1099193.419902718,-0.007132116,808.13,14836,134711330000.0,0.0051455456,-5.602836608886719e-06,19508150,4187.263751745224,65,0.0,7.572209
-780288.4726808011,-0.006648184,801.76,14919,10708470000.0,0.003223617,-9.775161743164062e-06,19573529,4202.810494184494,83,0.0,7.5699
-240215.47774794122,-0.0073154597,771.01,15001,20305150000.0,0.0042067557,-1.2993812561035156e-05,19637309,4217.968063116074,82,0.0,7.575134
-7495575.611563298,-0.0069995183,834.75,15077,1347931700000.0,0.006035416,-1.7404556274414062e-05,19701096,4233.196534156799,76,0.0,7.5782514
-298431.6198933534,-0.0071349037,697.08,15170,40133366000.0,0.005349951,-1.1920928955078125e-06,19766841,4248.488792181015,93,0.0,7.571029
-783893.4139243494,-0.007329044,664.28,15247,4458701300.0,0.00598345,-3.0994415283203125e-06,19819788,4263.890196800232,77,0.0,7.564545
-514484.0977776191,-0.0070113637,787.65,15327,38370685000.0,0.0036167556,5.125999450683594e-06,19882756,4279.1034071445465,80,0.0,7.5687366
-534577.6017854968,-0.006513451,650.76,15420,21410128000.0,0.003784403,0.0,19943421,4294.85448217392,93,0.0,7.5678563
-524979.8871003191,-0.006723656,774.67,15497,43471910000.0,0.004436405,-1.1920928955078125e-07,20003122,4310.67854475975,77,0.0,7.5683293
-938236.45555561,-0.0073176497,857.02,15571,21248606000.0,0.003657546,-1.1920928955078125e-07,20061829,4325.935371875763,74,0.0,7.564632
-378226.3420387184,-0.0075641936,790.96,15657,1406565600.0,0.0046514203,-1.1563301086425781e-05,20127346,4341.356885671616,86,0.0,7.5625043
-114123.25134855194,-0.0070558223,833.67,15730,1820549100.0,0.0042254776,5.364418029785156e-07,20189667,4356.607799291611,73,0.0,7.568786
-216996.37658535512,-0.007408136,826.82,15804,5400823000.0,0.004221839,3.516674041748047e-06,20250656,4371.9234623909,74,0.0,7.567714
-896277.8989017855,-0.00808283,827.09,15878,24921370000.0,0.0046993135,-4.172325134277344e-06,20313598,4387.121876955032,74,0.0,7.5617676
-1182283.882350303,-0.007479436,808.18,15953,7454474000.0,0.0057298886,-2.384185791015625e-07,20371653,4402.519576072693,75,0.0,7.556504
-450649.1813212679,-0.008004506,699.83,16043,487395000.0,0.0050780615,4.76837158203125e-07,20434883,4418.0921511650085,90,0.0,7.5610933
-362837.83377997135,-0.0076300027,765.08,16127,39093584000.0,0.004690476,-2.7418136596679688e-06,20498868,4433.643577814102,84,0.0,7.5596156
-668764.3283348526,-0.0069625187,759.6,16200,2005997400.0,0.0042969724,-2.9802322387695312e-06,20552645,4449.040284395218,73,0.0,7.5529675
-558370.4290276148,-0.008057077,752.42,16283,84192300000.0,0.0050215037,-2.384185791015625e-07,20616967,4465.041719198227,83,0.0,7.548325
-1620026.63810248,-0.00796954,762.66,16362,68168258000.0,0.0046637976,-8.344650268554688e-07,20676825,4480.529623031616,79,0.0,7.543034
-849732.8435994935,-0.0065440102,695.94,16459,448657750000.0,0.0036960458,-3.5762786865234375e-07,20741453,4496.163579940796,97,0.0,7.5451207
-1445423.496212621,-0.0075323773,748.9,16533,5728294000.0,0.0047308654,0.0,20801351,4511.626070976257,74,0.0,7.5429387
-588400.5561239085,-0.0066820513,729.4,16623,46798316000.0,0.0040109013,5.960464477539063e-08,20866926,4526.844115018845,90,0.0,7.543945
-585009.3415103462,-0.007065802,703.15,16697,27337032000.0,0.0057110568,0.0,20925432,4542.339841604233,74,0.0,7.54102
-871718.964825361,-0.007869662,816.46,16772,15714809000.0,0.0042995987,-1.1920928955078125e-07,20989788,4557.8112552165985,75,0.0,7.5417523
-344293.200132619,-0.006952926,784.27,16853,34129179000.0,0.0042266203,5.960464477539063e-08,21048949,4573.3656232357025,81,0.0,7.5429425
-778736.7942939918,-0.0075670704,668.3,16939,35640644000.0,0.005418052,0.0,21105552,4589.0317640304565,86,0.0,7.536468
-580459.4648893537,-0.0073198373,780.97,17025,141135100000.0,0.005125946,4.76837158203125e-07,21172944,4604.740204572678,86,0.0,7.537521
-1026828.7556176009,-0.007617995,756.61,17108,12238197000.0,0.0041878307,-1.1920928955078125e-07,21235903,4621.028898477554,83,0.0,7.5386806
-422668.8433363131,-0.006883835,720.29,17198,42202472000.0,0.0042977603,0.0,21298646,4636.832365512848,90,0.0,7.5400844
-4485307.72128391,-0.007443125,686.21,17292,737186000000.0,0.0035283184,0.0,21362258,4652.357309579849,94,0.0,7.5442243
-1482008.0469145342,-0.007087861,680.1,17380,70261320000.0,0.003914886,-5.960464477539062e-07,21421594,4668.194228887558,88,0.0,7.5441747
-1212300.0306995641,-0.007619513,602.2,17473,157886940000.0,0.004899475,-2.7418136596679688e-06,21480419,4684.0123200416565,93,0.0,7.5452876
-226655.43501044027,-0.0063695638,735.75,17563,11032174000.0,0.004361228,1.1920928955078125e-07,21543912,4699.451887845993,90,0.0,7.5506635
-460050.119618889,-0.007466699,692.09,17649,19279940000.0,0.0044253757,-1.1920928955078125e-07,21601266,4714.949076652527,86,0.0,7.555768
-682885.499985863,-0.0072922525,740.65,17735,5590950400.0,0.0043478734,7.152557373046875e-07,21667438,4730.6263999938965,86,0.0,7.556748
-834706.0001485567,-0.00689483,720.09,17825,92930430000.0,0.004007575,-3.337860107421875e-06,21730874,4746.238983154297,90,0.0,7.5546765
-1114643.4883726833,-0.0071212775,807.58,17896,16489293000.0,0.0037581155,0.0,21788588,4761.904065608978,71,0.0,7.552417
-354147.3235170555,-0.0069517195,544.19,18008,15714642000.0,0.0026767023,-1.1920928955078125e-07,21850133,4778.34913444519,112,0.0,7.548919
-649999.0354059219,-0.0073671737,684.87,18093,331824300000.0,0.0040100454,-2.384185791015625e-07,21910491,4794.0448224544525,85,0.0,7.551682
-2330345.3430569214,-0.007243081,707.28,18179,24012270000.0,0.0035571395,-2.86102294921875e-06,21970777,4809.989536523819,86,0.0,7.5560603
-859657.8595258092,-0.006477156,583.72,18282,201562340000.0,0.0039915587,-7.152557373046875e-07,22032782,4825.523761034012,103,0.0,7.5498934
-624699.331981599,-0.007575944,587.49,18397,21950175000.0,0.004098571,-4.76837158203125e-06,22099634,4841.313649892807,115,0.0,7.544658
-418915.31552538945,-0.0066522905,589.01,18488,47615898000.0,0.004645704,1.7881393432617188e-07,22154140,4857.5459179878235,91,0.0,7.5492983
-968813.4652676258,-0.006659065,674.36,18586,29649470000.0,0.0040802984,1.7881393432617188e-07,22218599,4873.632461547852,98,0.0,7.5587115
-652830.3085106207,-0.00598328,605.1,18679,36539916000.0,0.004733785,0.0,22277884,4889.391417264938,93,0.0,7.5612025
-779258.7861105998,-0.007511052,598.27,18797,14691163000.0,0.004356611,-1.1920928955078125e-07,22349966,4905.269272327423,118,0.0,7.5652814
-415511.5405796791,-0.006608031,573.07,18884,3263541000.0,0.0033608943,5.125999450683594e-06,22397969,4920.949219465256,87,0.0,7.5699925
-220872.47566194396,-0.0076630996,723.1,18978,33917243000.0,0.0036686424,5.960464477539063e-08,22467472,4937.70955824852,94,0.0,7.5731463
-1203129.3385279544,-0.0071420427,711.78,19064,72252700000.0,0.0041325623,0.0,22529367,4953.421038150787,86,0.0,7.575313
-748046.4272230287,-0.006055933,651.19,19160,32699562000.0,0.003948318,-4.76837158203125e-07,22590480,4969.354413986206,96,0.0,7.581607
-847900.6168298711,-0.0069947094,679.56,19245,24250485000.0,0.0034647733,0.0,22645128,4985.147927045822,85,0.0,7.5831294
-1007637.9340927994,-0.006206898,664.1,19327,66901170000.0,0.003322909,3.5762786865234375e-07,22703837,5000.8235404491425,82,0.0,7.5837736
-529259.5130850032,-0.0075463057,753.29,19410,44639340000.0,0.0039830725,5.960464477539063e-08,22767235,5016.690709352493,83,0.0,7.5819697
-1118462.5046529619,-0.007495315,724.21,19499,6977100300.0,0.004012787,2.980232238769531e-07,22833954,5032.813231229782,89,0.0,7.586227
-228527.95229428835,-0.0074159503,735.51,19584,75955880000.0,0.0047294204,-2.5033950805664062e-06,22896846,5048.832973957062,85,0.0,7.5836024
-717505.0258506569,-0.006426585,639.05,19668,763230900.0,0.0040470115,-1.1920928955078125e-07,22953408,5064.715266704559,84,0.0,7.5859804
-432283.6125670655,-0.007892207,739.01,19739,3701762800.0,0.004211047,-1.3828277587890625e-05,23009594,5080.726901054382,71,0.0,7.5813603
-521438.0497851627,-0.0075089377,820.18,19810,275258340000.0,0.0046768165,-1.1920928955078125e-07,23073726,5097.548610925674,71,0.0,7.5854993
-1093791.3568335914,-0.008057541,693.32,19905,6678078000.0,0.0042353314,-1.1920928955078125e-07,23140039,5113.690999507904,95,0.0,7.5865355
-265141.3630766031,-0.007045561,541.31,20019,2397833500.0,0.0034053712,-2.6226043701171875e-05,23201933,5129.785150527954,114,0.0,7.5884275
-812745.999590308,-0.007078503,681.89,20106,28039352000.0,0.00493656,5.960464477539063e-08,23262784,5146.148939847946,87,0.0,7.587712
-831461.2664865538,-0.0070667947,610.44,20201,145268000000.0,0.0040296973,-2.5033950805664062e-06,23317967,5162.311580896378,95,0.0,7.589783
-1654509.77924648,-0.007005466,639.81,20304,75455880000.0,0.0043967525,-1.1920928955078125e-06,23384251,5178.388444900513,103,0.0,7.588017
-1245312.1034905538,-0.0060411743,703.16,20390,180474040000.0,0.0038789457,-1.1920928955078125e-07,23444570,5194.577855825424,86,0.0,7.584721
-1740199.7875283859,-0.008156184,825.69,20463,42138320000.0,0.0047960836,-1.1920928955078125e-07,23504860,5210.512529850006,73,0.0,7.578384
-730480.5155645437,-0.007121088,671.06,20556,6511047700.0,0.005069688,3.337860107421875e-06,23566142,5226.634841680527,93,0.0,7.5714574
-1075527.3780019402,-0.0081845075,712.13,20643,70738990000.0,0.0055487794,0.0,23627822,5242.8320989608765,87,0.0,7.565083
-2254199.931872095,-0.006305477,760.38,20729,146283360000.0,0.004630528,-1.3113021850585938e-06,23689175,5259.9258053302765,86,0.0,7.563049
-549687.4764686069,-0.006749703,635.51,20833,69381020000.0,0.003996062,-3.6954879760742188e-06,23754392,5276.021981716156,104,0.0,7.5710783
-479831.14436649496,-0.0069559314,723.61,20914,57636380000.0,0.0040394585,5.960464477539063e-08,23812937,5292.0204956531525,81,0.0,7.568394
-974078.6011372766,-0.005926897,649.01,21021,97470080000.0,0.006120491,-1.1920928955078125e-07,23882681,5308.192521095276,107,0.0,7.5653386
-993535.7660460473,-0.006674201,612.78,21110,62791720000.0,0.004922015,2.384185791015625e-07,23938823,5324.497847557068,89,0.0,7.5591016
-1472695.107788684,-0.00825758,646.78,21198,75375395000.0,0.0038792505,-2.6226043701171875e-06,23996935,5340.750692129135,88,0.0,7.5507326
-569276.3980803748,-0.007250095,647.92,21297,47106826000.0,0.004317817,-1.3589859008789062e-05,24061564,5357.029107809067,99,0.0,7.5475116
-1104352.7855649772,-0.0072319675,698.81,21387,478299230000.0,0.0040998375,-2.384185791015625e-07,24126929,5373.227166414261,90,0.0,7.5432744
-4841001.800182357,-0.006931902,544.68,21489,93184190000.0,0.0038631826,-1.1920928955078125e-07,24183520,5389.465308666229,102,0.0,7.551372
-647697.1671181846,-0.0071948487,542.85,21593,387448300000.0,0.0042854836,-1.0728836059570312e-06,24242842,5406.374639749527,104,0.0,7.5595403
-1467151.3695730472,-0.007764062,695.11,21691,14726972000.0,0.0041439426,-7.987022399902344e-06,24310806,5422.774286985397,98,0.0,7.567245
-1091257.6851779618,-0.0068110526,654.94,21770,36217876000.0,0.004926568,-7.152557373046875e-07,24363079,5438.800435066223,79,0.0,7.5709033
-541156.362679599,-0.00759149,590.3,21873,65497887000.0,0.003731694,0.0,24425770,5455.298643350601,103,0.0,7.575366
-1020528.1960268148,-0.006678178,676.96,21968,20261523000.0,0.004473959,-1.1920928955078125e-07,24490198,5471.587218761444,95,0.0,7.582824
-510890.95557424636,-0.0075132414,522.51,22074,25312246000.0,0.0038202724,1.7881393432617188e-07,24547335,5487.635784626007,106,0.0,7.5837092
-683299.9502348406,-0.007874402,633.77,22182,15043149000.0,0.0042434335,-4.696846008300781e-05,24617422,5504.474268436432,108,0.0,7.5869746
-826695.678209786,-0.007802264,777.45,22256,128089170000.0,0.004786684,-1.3232231140136719e-05,24675485,5520.784619808197,74,0.0,7.58739
-726701.739041671,-0.0068467977,634.2,22345,77928330000.0,0.0030621637,-2.9802322387695312e-06,24736240,5536.9333510398865,89,0.0,7.5947375
-859330.8731005314,-0.00762749,704.96,22436,49126744000.0,0.004278722,2.980232238769531e-07,24797558,5553.020564317703,91,0.0,7.6070857
-420985.52489215235,-0.006552628,578.92,22539,46616150000.0,0.002999869,0.0,24857563,5570.032709121704,103,0.0,7.616788
-490738.0508238482,-0.007613732,618.65,22646,6148721000.0,0.0036609436,-1.1920928955078125e-07,24923533,5586.309716701508,107,0.0,7.6180224
-1037095.0029352125,-0.008555373,739.14,22721,4799931400.0,0.004845024,-3.5762786865234375e-07,24976667,5603.082256793976,75,0.0,7.6174626
-385171.90365958295,-0.0074879983,696.17,22813,14258636000.0,0.004166123,-1.2755393981933594e-05,25042139,5619.507145881653,92,0.0,7.6163793
-373929.47827398294,-0.005359295,635.32,22912,41749630000.0,0.0051852358,0.0,25105407,5636.154686689377,99,0.0,7.6134157
-926853.3583617875,-0.007120776,674.37,23006,8326382600.0,0.003848689,0.0,25168216,5652.713171720505,94,0.0,7.619552
-468315.42301846715,-0.0066025015,639.22,23107,32285620000.0,0.0043893973,0.0,25232195,5669.348546504974,101,0.0,7.624477
-952877.3893517081,-0.0074579907,577.3,23203,74801110000.0,0.0038358727,-1.1920928955078125e-07,25289114,5685.7866978645325,96,0.0,7.627151
-1332164.9936778713,-0.0072793304,538.57,23319,220025400000.0,0.003665331,0.0,25350083,5702.019274711609,116,0.0,7.629852
-1746000.3339113472,-0.007836358,656.83,23407,34360710000.0,0.0043129446,-2.6226043701171875e-06,25408755,5718.54936170578,88,0.0,7.633954
-471551.12592282315,-0.007609823,613.28,23498,5001101300.0,0.0038112674,1.1920928955078125e-07,25468435,5735.973017215729,91,0.0,7.6422687
-630859.9071548275,-0.006837213,674.28,23599,11609647000.0,0.0034932692,0.0,25536078,5752.637308835983,101,0.0,7.648087
-580664.4936031546,-0.0060637416,741.17,23679,369504600000.0,0.0030208186,0.0,25600366,5769.197104930878,80,0.0,7.6453595
-2094033.5274255818,-0.0064548957,727.95,23760,4026317300.0,0.0039220206,4.172325134277344e-07,25661711,5785.978186845779,81,0.0,7.6485286
-778029.3447653282,-0.007404244,720.97,23842,9261735000.0,0.0040079383,0.0,25723525,5802.675327062607,82,0.0,7.655057
-700518.695178423,-0.007816371,744.27,23911,28000317000.0,0.003734777,0.0,25781473,5819.15078496933,69,0.0,7.6559405
-290817.7216080172,-0.0069914926,662.9,24005,147094850000.0,0.0056322217,0.0,25843373,5835.841012001038,94,0.0,7.6474004
-2934548.5943867806,-0.00686189,760.17,24087,141599770000.0,0.0038460377,-1.7881393432617188e-06,25909198,5852.594392538071,82,0.0,7.648132
-1294248.5348265667,-0.0058382032,751.85,24164,119417420000.0,0.005334988,-8.702278137207031e-06,25963569,5868.975034952164,77,0.0,7.6481023
-1199796.3650251213,-0.006650518,537.48,24282,31693400000.0,0.0036057883,0.0,26032821,5886.52861738205,118,0.0,7.650395
-201921.55266236552,-0.008087939,515.02,24385,12209878000.0,0.0041167694,-1.1920928955078125e-07,26090470,5902.962487459183,103,0.0,7.6529346
-555242.0976233903,-0.0070092254,671.42,24475,12566216000.0,0.0053168735,0.0,26154973,5919.688709974289,90,0.0,7.652619
-222622.1713135691,-0.0078096003,723.16,24559,17008600000.0,0.0041398145,0.0,26214983,5936.5063807964325,84,0.0,7.662598
-1139190.3853440853,-0.0064900587,592.8,24653,73344246000.0,0.0044862805,2.384185791015625e-07,26272892,5952.807369470596,94,0.0,7.673427
-1261120.1669857188,-0.006266911,645.27,24755,112591946000.0,0.004195732,-1.1920928955078125e-07,26338002,5969.411549329758,102,0.0,7.674026
-845097.3795699984,-0.006676942,600.84,24847,5529195000.0,0.0037081107,1.1920928955078125e-07,26395121,5986.115694284439,92,0.0,7.6729083
-408016.54885996395,-0.006170912,598.27,24953,53264978000.0,0.003590101,0.0,26458746,6002.86318898201,106,0.0,7.6734624
-563579.6920702971,-0.006251064,622.47,25040,1256707500.0,0.0048107863,0.0,26514914,6019.437451601028,87,0.0,7.6822515
-860632.4988549752,-0.006732837,765.97,25125,140601430000.0,0.0029900358,5.960464477539063e-08,26581321,6035.97447347641,85,0.0,7.687869
-1193447.9832223773,-0.0062924563,723.48,25218,145923300000.0,0.0046367696,-1.1920928955078125e-07,26644280,6053.643700838089,93,0.0,7.6889606
-1122223.4661065019,-0.0072636614,705.25,25306,17687271000.0,0.0035160622,4.172325134277344e-07,26703221,6070.676131725311,88,0.0,7.6940417
-595550.5109205878,-0.008416858,602.18,25406,4448307700.0,0.0040104575,0.0,26763439,6087.798214912415,100,0.0,7.6987767
-563569.1711850166,-0.006527399,605.85,25511,131841380000.0,0.0035497164,7.152557373046875e-07,26830356,6104.6403641700745,105,0.0,7.700866
-957196.799900155,-0.007415527,549.58,25621,4871847400.0,0.0042856853,1.7881393432617188e-07,26891433,6121.725032329559,110,0.0,7.7050624
-243757.700951545,-0.0066865315,558.72,25715,6834478600.0,0.0056341174,2.980232238769531e-07,26946658,6138.649080753326,94,0.0,7.706268
-233718.37274419688,-0.007353851,622.18,25816,32870916000.0,0.0037386208,0.0,27010925,6155.531795024872,101,0.0,7.7066197
-1363074.0846577778,-0.00605142,686.24,25903,41589494000.0,0.0047972756,1.1920928955078125e-06,27071688,6172.616356134415,87,0.0,7.712964
-425458.98135620524,-0.006078598,653.53,25996,1365193300000.0,0.00451201,4.76837158203125e-07,27134272,6189.666108608246,93,0.0,7.7158093
-10519632.036317194,-0.006639206,630.94,26091,1370444000000.0,0.004140675,-1.1920928955078125e-07,27192490,6206.344241857529,95,0.0,7.7217145
-228491.3221117684,-0.0071180696,610.07,26205,83576455000.0,0.004444465,0.0,27261236,6224.3079714775085,114,0.0,7.719559
-1134445.422032657,-0.007158744,603.68,26302,5216314400.0,0.0044873734,-1.1920928955078125e-07,27321096,6241.062708377838,97,0.0,7.7218175
-515454.03727964044,-0.0073160552,559.59,26406,122096000000.0,0.0038716125,5.960464477539063e-08,27379522,6257.830501079559,104,0.0,7.7306976
-1454534.379198465,-0.00651319,590.77,26519,70218790000.0,0.0042552194,-1.1920928955078125e-07,27443375,6274.7575623989105,113,0.0,7.7360883
-6276129.720424815,-0.0057562888,625.49,26621,1239288600000.0,0.0029662435,0.0,27507961,6291.646604061127,102,0.0,7.7458315
-938267.9358484506,-0.0067052743,516.88,26733,83176060000.0,0.0034441839,5.960464477539062e-07,27568554,6308.740443944931,112,0.0,7.7569585
-729283.8322230019,-0.007211006,666.44,26812,4419736600.0,0.005027443,-1.9073486328125e-06,27625584,6325.772589445114,79,0.0,7.758252
-572476.268154419,-0.007275833,624.11,26908,29813047000.0,0.0040182075,0.0,27687300,6342.861503839493,96,0.0,7.7621417
-763884.5056249809,-0.006359563,709.7,26989,9754220000.0,0.0038056772,-6.556510925292969e-06,27741278,6360.056587219238,81,0.0,7.76254
-867597.1167150697,-0.0060921316,746.65,27075,43794817000.0,0.0031032644,1.1920928955078125e-07,27804675,6377.174428224564,86,0.0,7.7669873
-134951.07800230288,-0.0070754597,597.36,27192,53936005000.0,0.003316335,-2.0265579223632812e-06,27872314,6395.07807803154,117,0.0,7.770717
-705486.6864603156,-0.007496621,521.14,27307,6347074000.0,0.0037001432,1.1920928955078125e-07,27935488,6412.310694694519,115,0.0,7.768662
-674689.8992753209,-0.0074407184,723.18,27386,48308736000.0,0.0045892466,-2.384185791015625e-07,27996342,6429.180021524429,79,0.0,7.772385
-1691261.5086034997,-0.007319689,739.34,27473,81071550000.0,0.0032881238,0.0,28059143,6446.383038282394,87,0.0,7.772079
-2476789.7232413604,-0.006720452,797.72,27550,69656855000.0,0.0036552122,0.0,28118944,6463.451241970062,77,0.0,7.7656665
-254690.67321674817,-0.00623716,478.11,27669,7584747000.0,0.003980553,1.7881393432617188e-07,28177784,6480.479300737381,119,0.0,7.766095
-359827.4874959157,-0.006277038,691.19,27762,75293190000.0,0.0037552884,2.384185791015625e-07,28243032,6497.631546735764,93,0.0,7.7612348
-911658.1661863591,-0.0077500436,621.41,27866,7483921000.0,0.004387785,2.384185791015625e-07,28308095,6514.414529800415,104,0.0,7.765304
-318849.9022258799,-0.00752891,563.92,27957,74842554000.0,0.0032338293,0.0,28360287,6531.588052749634,91,0.0,7.7806425
-553815.5690711915,-0.0065021175,547.11,28067,5485028000.0,0.004659008,5.960464477539063e-08,28422041,6549.347966194153,110,0.0,7.790833
-929984.3394314424,-0.0067715864,763.98,28145,121133190000.0,0.0035106672,-1.1920928955078125e-07,28486093,6566.920276880264,78,0.0,7.793851
-790613.5479391025,-0.0067084436,647.01,28242,7405165000.0,0.0038862848,-1.1920928955078125e-07,28547390,6584.3109793663025,97,0.0,7.7847896
-378792.7601288715,-0.006027645,533.72,28360,18914259000.0,0.003996947,1.1920928955078125e-07,28613830,6601.660507202148,118,0.0,7.786408
-560296.3800901006,-0.006588793,525.67,28466,27898663000.0,0.0027242226,0.0,28672527,6619.17560338974,106,0.0,7.7895007
-263918.6932175616,-0.006634381,435.47,28601,17654927000.0,0.0042817695,5.960464477539063e-08,28733611,6636.138057231903,135,0.0,7.7890472
-120399.66559694488,-0.005533907,603.65,28697,12867376000.0,0.0031749846,-3.5762786865234375e-07,28791448,6653.340159654617,96,0.0,7.7797236
-356830.70823075966,-0.0074533657,679.18,28796,22605769000.0,0.0039056863,-1.9073486328125e-06,28857317,6670.60023021698,99,0.0,7.785812
-864216.0959811973,-0.00663483,611.82,28904,2776717800.0,0.0038601353,-1.1920928955078125e-07,28922573,6687.777362823486,108,0.0,7.7925234
-55066.12758378632,-0.0072686756,525.98,29006,3601172000.0,0.0034873008,0.0,28975776,6705.3780307769775,102,0.0,7.79335
-231820.99900963926,-0.0074994196,636.55,29112,1152328000.0,0.0033183845,0.0,29042433,6723.431824922562,106,0.0,7.7904706
-269400.9182229261,-0.007668127,569.86,29210,59333423000.0,0.003188781,-7.152557373046875e-07,29098762,6740.955731153488,98,0.0,7.789928
-1678682.7039400574,-0.00639269,459.09,29344,54487300000.0,0.0038913186,-2.5033950805664062e-06,29161378,6758.287285327911,134,0.0,7.7875524
-673086.9805738856,-0.0061558792,565.12,29462,68216640000.0,0.0037315642,1.7881393432617188e-07,29226752,6775.961221456528,118,0.0,7.7896686
-636651.9800413586,-0.006781608,576.66,29564,1930023200.0,0.00459383,1.1920928955078125e-07,29286164,6793.388128519058,102,0.0,7.7865148
-1217753.5251950272,-0.0066416245,691.32,29660,172418300000.0,0.0036493863,-1.1920928955078125e-07,29350182,6810.759204387665,96,0.0,7.7864985
-451120.37719226955,-0.006730015,592.85,29753,56631054000.0,0.0041124388,5.960464477539063e-08,29407425,6828.466655731201,93,0.0,7.791988
-713863.7385524502,-0.006838813,663.69,29841,6148120600.0,0.00298694,1.7881393432617188e-07,29462135,6846.234938383102,88,0.0,7.7954717
-309948.6796573299,-0.0073084286,645.77,29944,2321280500.0,0.0042071235,1.1920928955078125e-07,29527870,6863.648097991943,103,0.0,7.799823
-584964.7438971674,-0.006950727,632.56,30038,77089200000.0,0.003815815,-1.1920928955078125e-07,29588214,6881.738427400589,94,0.0,7.8082585
-313525.45707494527,-0.0058650384,536.33,30162,32186575000.0,0.0030204926,1.1920928955078125e-07,29655727,6899.376341342926,124,0.0,7.8059263
-979651.7263168466,-0.0070637106,659.91,30242,68238190000.0,0.003696659,5.960464477539063e-08,29714843,6916.4809827804565,80,0.0,7.8081207
-408050.1762318454,-0.006980228,507.01,30362,798989630.0,0.0038568513,1.1920928955078125e-07,29776241,6934.150168895721,120,0.0,7.8146825
-479098.91884909896,-0.0070493044,536.26,30480,41628990000.0,0.0036106487,-1.6689300537109375e-06,29840957,6951.524995088577,118,0.0,7.8156557
-1408014.4282989206,-0.006324683,561.54,30597,245386040000.0,0.0034264107,0.0,29904727,6969.164310932159,117,0.0,7.8161616
-478682.8800254046,-0.0062809647,524.45,30713,30132423000.0,0.0026218698,7.152557373046875e-07,29965506,6986.764982700348,116,0.0,7.8191066
-1286541.4629153458,-0.006576113,559.81,30818,35577524000.0,0.0034996213,5.960464477539063e-08,30026322,7004.490138292313,105,0.0,7.814895
-569657.2294046864,-0.0052848775,490.54,30929,72773700000.0,0.0043527586,-1.7881393432617188e-06,30084947,7021.870240211487,111,0.0,7.810605
-1314065.0913346563,-0.0062152497,631.6,31025,6027059700.0,0.0028284083,0.0,30143246,7039.515165090561,96,0.0,7.8172603
-166495.98780558567,-0.0071703773,635.15,31120,2434138400.0,0.00303205,1.9669532775878906e-06,30202507,7057.6276977062225,95,0.0,7.8265834
-3103003.5702662263,-0.0059225936,608.06,31232,397830260000.0,0.0052697747,0.0,30267899,7075.315861225128,112,0.0,7.835255
-349898.0795995484,-0.0062804823,674.96,31336,14240720000.0,0.0031057731,3.0994415283203125e-06,30336422,7093.246875762939,104,0.0,7.8366237
-275430.5553760069,-0.0071373126,660.17,31424,201612330000.0,0.0033777098,-8.821487426757812e-06,30394590,7110.9677011966705,88,0.0,7.8300166
-1624178.5012578198,-0.0076284655,709.24,31502,286591200000.0,0.003326927,-1.1920928955078125e-07,30453264,7128.744602918625,78,0.0,7.8347163
-3018316.950093928,-0.006464056,612.64,31594,8788883000.0,0.003266823,1.1920928955078125e-07,30510824,7146.113858938217,92,0.0,7.840152
-2996183.7188219083,-0.007461051,794.53,31680,11547999000.0,0.0037014147,0.0,30575512,7164.0392370224,86,0.0,7.8416142
-303935.6011117568,-0.0051913974,626.98,31769,2252372700.0,0.004097281,0.0,30633277,7181.821901082993,89,0.0,7.8363605
-600603.0263271646,-0.006625247,627.92,31884,5786379000.0,0.0035291784,1.1920928955078125e-07,30702360,7199.807528972626,115,0.0,7.837937
-1003645.9316908941,-0.0070724124,562.11,31986,123446640000.0,0.0031264243,5.960464477539063e-08,30762669,7217.310677528381,102,0.0,7.840668
-371507.8783463498,-0.006384747,627.71,32088,44526453000.0,0.0029033064,-1.1920928955078125e-07,30828563,7235.802875041962,102,0.0,7.8423877
-514062.9063660117,-0.006518101,562.5,32182,29299497000.0,0.0032448382,-2.384185791015625e-07,30882002,7253.840500354767,94,0.0,7.8553014
-786206.2087482125,-0.0066065486,631.46,32279,202121890000.0,0.0035392258,5.960464477539063e-08,30943980,7271.8835327625275,97,0.0,7.849193
-1122643.6507776014,-0.0068143946,609.33,32380,1060580800.0,0.0029550253,-3.4570693969726562e-06,31005095,7289.659025192261,101,0.0,7.845456
-139135.41243607478,-0.006593267,499.71,32508,13911207000.0,0.0029163512,0.0,31067236,7307.5592403411865,128,0.0,7.8485713
-498720.1218277674,-0.0056608818,550.77,32618,17273797000.0,0.0036875044,0.0,31128499,7325.154274463654,110,0.0,7.85255
-348325.3633355613,-0.006847635,561.88,32724,1450308400.0,0.0035284525,0.0,31188999,7343.091219186783,106,0.0,7.851517
-718372.9544736611,-0.0064753513,570.33,32831,84927270000.0,0.0029270933,-1.1920928955078125e-07,31250153,7360.839061737061,107,0.0,7.857135
-309655.00462293124,-0.0063860565,512.85,32947,19816157000.0,0.00387564,0.0,31308483,7378.5344207286835,116,0.0,7.859142
-506119.36214245996,-0.006180622,591.48,33071,60714960000.0,0.0025745844,-1.1920928955078125e-07,31379133,7396.159198284149,124,0.0,7.8587193
-511615.2587864228,-0.006112346,500.16,33188,163152940000.0,0.0031509786,7.748603820800781e-07,31437262,7414.785058498383,117,0.0,7.855561
-1339480.1715499803,-0.0072753597,542.11,33301,16797664000.0,0.003746255,1.7881393432617188e-07,31498539,7432.67337012291,113,0.0,7.862641
-623152.510798154,-0.0062762126,572.78,33428,6511124500.0,0.0036126976,0.0,31564870,7450.563026189804,127,0.0,7.864932
-417278.4574734833,-0.006559603,588.36,33524,27228547000.0,0.0030895185,0.0,31623130,7468.408925294876,96,0.0,7.87268
-225662.21099739545,-0.00628236,551.72,33635,27736705000.0,0.0036745465,0.0,31684766,7486.299114704132,111,0.0,7.881854
-485880.85378039256,-0.0062614875,554.42,33746,8209855000.0,0.0024404342,0.0,31749537,7504.399141788483,111,0.0,7.882976
-522942.9792753045,-0.0067319255,580.35,33836,34028552000.0,0.0038834936,0.0,31801629,7522.0941824913025,90,0.0,7.881131
-629036.2814639834,-0.0055923956,613.49,33938,144703050000.0,0.0035682083,0.0,31863816,7540.000404596329,102,0.0,7.8804164
-1132656.7151893277,-0.005710443,551.67,34052,43893840000.0,0.0029114606,7.748603820800781e-07,31930429,7557.979567050934,114,0.0,7.881169
-445416.8774409419,-0.007773251,570.34,34165,739347700.0,0.0029541224,-1.1920928955078125e-07,31994425,7576.74419426918,113,0.0,7.883057
-394405.2473131188,-0.0064566364,625.22,34259,40780345000.0,0.0033937627,0.0,32052252,7594.860575199127,94,0.0,7.8881984
-937941.0811689538,-0.00750693,489.35,34368,55058260000.0,0.0033734506,1.1920928955078125e-07,32106745,7612.696898937225,109,0.0,7.892303
-243379.82350479052,-0.006487876,657.78,34473,6346661400.0,0.0030740758,2.384185791015625e-07,32176095,7630.677991390228,105,0.0,7.892761
-7148380.365137288,-0.00622182,500.74,34606,1413011900000.0,0.0033761302,0.0,32237889,7649.3948838710785,133,0.0,7.8950953
-205018.67431532382,-0.0067411335,565.52,34712,4686570500.0,0.0029529715,0.0,32295640,7667.552754878998,106,0.0,7.8952327
-713894.2496081856,-0.006720167,658.85,34805,34077028000.0,0.0036449262,-1.6689300537109375e-06,32356148,7685.543835878372,93,0.0,7.9019322
-2003383.5038666085,-0.006078129,481.23,34926,181902430000.0,0.002938576,1.7881393432617188e-07,32416911,7703.529509067535,121,0.0,7.907948
-1375432.8553309375,-0.006165774,584.15,35027,107446500000.0,0.0028520024,-9.5367431640625e-07,32476203,7721.4143714904785,101,0.0,7.9197955
-379562.5946487265,-0.0062229363,585.38,35146,115229140000.0,0.0035190845,1.7881393432617188e-07,32545840,7739.503292798996,119,0.0,7.9237323
-498225.23168099613,-0.0069085006,538.41,35244,54517630000.0,0.0042441515,5.960464477539063e-08,32599146,7758.360121488571,98,0.0,7.921601
-1314813.0095919778,-0.0071360148,517.57,35375,104007230000.0,0.00267988,-2.384185791015625e-07,32667575,7776.353525161743,131,0.0,7.920837
-861133.8965153049,-0.0058697625,585.21,35457,12477991000.0,0.0037117554,-8.344650268554688e-07,32721275,7794.472764015198,82,0.0,7.9187465
-529814.2864304734,-0.006260893,735.99,35546,13992201000.0,0.0035316837,5.960464477539063e-08,32784468,7812.30864906311,89,0.0,7.9192204
-969405.5487281663,-0.0065135765,599.95,35659,67968210000.0,0.002846031,-1.1920928955078125e-07,32855168,7830.796689987183,113,0.0,7.9202123
-153864.93111064902,-0.006228276,408.71,35783,8187820000.0,0.0027200237,-1.0728836059570312e-06,32908831,7849.09853720665,124,0.0,7.923432
-564153.9429026758,-0.006607452,520.39,35895,33895086000.0,0.004090106,0.0,32967868,7867.62123298645,112,0.0,7.9221387
-255426.2111089433,-0.006359865,540.13,36025,69612030000.0,0.003444001,0.0,33042027,7885.793977737427,130,0.0,7.9272265
-894019.1223275128,-0.007069834,412.52,36146,93571950000.0,0.0035673985,-5.0067901611328125e-06,33093481,7903.883425712585,121,0.0,7.9288487
-821168.6276807749,-0.005950754,548.65,36250,2120872400.0,0.004894867,1.1920928955078125e-07,33151473,7923.474081277847,104,0.0,7.92598
-273743.00060682994,-0.006438602,579.21,36355,52761866000.0,0.0031052209,-3.0994415283203125e-06,33213902,7942.01468706131,105,0.0,7.926175
-530936.6735185317,-0.006614373,550.73,36460,8408736000.0,0.002664671,-1.1920928955078125e-07,33273474,7960.317963838577,105,0.0,7.924805
-502467.6052581782,-0.006928748,745.68,36543,414887420.0,0.003226005,0.0,33337106,7978.703873634338,83,0.0,7.922439
-280907.7140921635,-0.0061359843,598.52,36651,1926079900.0,0.0034873525,-5.960464477539062e-07,33399289,7996.98180603981,108,0.0,7.924743
-291105.18528260017,-0.00605713,709.88,36746,88087060000.0,0.0033416345,0.0,33468542,8015.470230102539,95,0.0,7.9255567
-1123829.8989355653,-0.005706703,577.74,36853,9752873000.0,0.0041854274,-2.384185791015625e-07,33527851,8033.762991189957,107,0.0,7.9282947
-399508.7432842069,-0.0050862124,620.38,36941,72885300000.0,0.004799976,1.1920928955078125e-07,33585680,8052.228693723679,88,0.0,7.930919
-494321.21746243397,-0.006143671,404.98,37094,11591691000.0,0.0029123263,0.0,33647430,8070.668045043945,153,0.0,7.9267116
-238604.0133337545,-0.006282277,510.55,37214,148922780000.0,0.0030898517,0.0,33715474,8089.128679037094,120,0.0,7.931869
-481519.5673370958,-0.0059951395,551.34,37300,567646800.0,0.003128756,-1.1920928955078125e-07,33768366,8108.443439245224,86,0.0,7.925168
-379989.3684311716,-0.006096507,470.26,37436,15735410000.0,0.002576075,-3.5762786865234375e-07,33833292,8127.098798751831,136,0.0,7.924255
-252714.01431212638,-0.006622511,456.18,37553,52028965000.0,0.0026667481,1.1920928955078125e-07,33890458,8145.899534463882,117,0.0,7.9277043
-1068759.7342459261,-0.006334826,506.02,37672,60974744000.0,0.0031217253,1.1920928955078125e-07,33952080,8164.327086925507,119,0.0,7.9239917
-672717.1906011294,-0.006349086,441.41,37802,77299330000.0,0.0028131464,1.7881393432617188e-07,34016221,8182.507695436478,130,0.0,7.9253993
-940235.6545806392,-0.0065656067,535.73,37922,406489560000.0,0.0030992122,2.980232238769531e-07,34077931,8200.902851343155,120,0.0,7.9319606
-3381288.11791196,-0.00613056,512.72,38052,9303353000.0,0.0033017646,8.940696716308594e-07,34144931,8219.377135515213,130,0.0,7.9380803
-236878.5094562701,-0.0064138086,525.39,38162,15821356000.0,0.0031521418,-1.0728836059570312e-06,34205750,8237.986542224884,110,0.0,7.9339266
-701653.6459213558,-0.006912605,527.49,38268,391523500000.0,0.0030615868,0.0,34263464,8256.609755277634,106,0.0,7.9391146
-3439357.799500621,-0.0070113335,438.82,38414,22353072000.0,0.0026541448,0.0,34327888,8276.024093151093,146,0.0,7.9474683
-235104.79967603282,-0.0062804343,575.43,38521,20164475000.0,0.0030022413,-1.1920928955078125e-07,34388494,8295.083693265915,107,0.0,7.9519086
-314703.11246029683,-0.0062767374,484.32,38640,5878054400.0,0.003146578,-3.4570693969726562e-06,34446541,8313.215215444565,119,0.0,7.951203
-71785.59583738794,-0.006492075,459.87,38785,6604701700.0,0.0025983797,5.960464477539063e-08,34508230,8331.5344414711,145,0.0,7.960876
-148166.6792269222,-0.006748451,445.82,38913,13994583000.0,0.0032515961,-1.1920928955078125e-07,34572138,8350.024255752563,128,0.0,7.965977
-689730.6604227828,-0.006521062,526.61,39026,29650086000.0,0.0029076159,5.960464477539063e-08,34632887,8368.936695337296,113,0.0,7.970577
-241966.10430779017,-0.006658597,441.73,39153,73145730000.0,0.003114059,1.1920928955078125e-07,34689806,8387.383336782455,127,0.0,7.9668164
-975215.7786005579,-0.0073402664,562.09,39279,9050254000.0,0.0028971613,-1.1920928955078125e-07,34757097,8406.32700920105,126,0.0,7.9655414
-857837.3612246135,-0.006212439,517.83,39390,117850810000.0,0.0031424696,7.152557373046875e-07,34820222,8425.125506162643,111,0.0,7.9702716
-849260.8941066721,-0.0069579342,572.96,39492,23262884000.0,0.0027647081,3.5762786865234375e-07,34878288,8443.53064918518,102,0.0,7.9720306
-1274017.314984119,-0.0075676315,551.0,39604,33954271000.0,0.0029968983,1.1920928955078125e-07,34937865,8462.825598955154,112,0.0,7.977204
-390999.6921558096,-0.006696948,627.45,39702,39414410000.0,0.0026930023,1.1920928955078125e-07,35000344,8481.176366090775,98,0.0,7.976926
-302003.6857637878,-0.006355261,493.16,39826,6192495000.0,0.003663801,1.7881393432617188e-07,35066287,8499.840485572815,124,0.0,7.9753985
-364428.99903134466,-0.0065143406,582.05,39910,11056737000.0,0.0031380863,5.960464477539063e-08,35119872,8518.348174571991,84,0.0,7.973145
-209437.49550654768,-0.006065652,636.23,40005,48698343000.0,0.0034914543,5.960464477539063e-08,35180569,8537.05648303032,95,0.0,7.9786525
-592459.0205647596,-0.0064447206,557.43,40130,5694555600.0,0.0026212458,0.0,35247175,8555.659305334091,125,0.0,7.9860034
-588215.3018257049,-0.0065684235,607.0,40228,104770100000.0,0.002620577,0.0,35307629,8574.138322114944,98,0.0,7.988231
-1363197.9357096492,-0.006679367,512.08,40349,124854790000.0,0.0024772661,-3.5762786865234375e-07,35372512,8592.530631780624,121,0.0,7.9922457
-607103.7791535538,-0.006574565,501.6,40468,16852652000.0,0.0033684333,1.1920928955078125e-06,35431046,8611.35254740715,119,0.0,7.9955792
-603440.9435171079,-0.006802877,563.14,40574,7753412000.0,0.0038004855,-1.1920928955078125e-07,35493827,8629.976759433746,106,0.0,7.9945636
-121139.44303569073,-0.006523483,425.99,40722,289412600.0,0.00238112,2.384185791015625e-07,35553447,8649.611048221588,148,0.0,7.9991426
-53427.48641726171,-0.006388517,484.65,40840,10561919000.0,0.0038963323,1.1920928955078125e-07,35612405,8668.499645709991,118,0.0,8.007646
-584365.3916588296,-0.006662641,415.37,40990,127277375000.0,0.0037336766,-2.0265579223632812e-06,35679672,8687.164340734482,150,0.0,8.013701
-481017.30216176505,-0.006483379,508.97,41117,94451530000.0,0.0026597017,-1.1920928955078125e-07,35741434,8705.839445114136,127,0.0,8.017914
-1798709.1220295408,-0.0064641046,531.21,41218,29131926000.0,0.0037144609,5.900859832763672e-06,35794623,8724.49412059784,101,0.0,8.0111265
-235907.60572357976,-0.0062146923,458.79,41362,14114311000.0,0.0030545325,1.7881393432617188e-07,35860955,8742.959327936172,144,0.0,8.0165415
-312258.3803847368,-0.0047264346,527.18,41465,20760588000.0,0.0030572885,0.0,35916319,8762.107225179672,103,0.0,8.024367
-162372.94018511786,-0.0058883936,477.19,41598,7564248600.0,0.0035679613,1.7881393432617188e-07,35981898,8780.873329639435,133,0.0,8.017536
-139523.44260989816,-0.005746389,493.03,41731,5171102700.0,0.002997426,0.0,36048938,8800.229272603989,133,0.0,8.014037
-569863.3946754724,-0.00572492,390.28,41850,18323982000.0,0.0029892563,2.384185791015625e-07,36099701,8820.314994812012,119,0.0,8.0144205
-392791.9257391994,-0.005745679,575.23,41966,5404886500.0,0.0031086418,-1.1920928955078125e-07,36166184,8838.947719573975,116,0.0,8.013869
-233290.3452155466,-0.006250819,400.61,42115,1011561860.0,0.0022875,0.0,36231040,8858.147562503815,149,0.0,8.025512
-209927.59165855448,-0.0059397263,534.85,42227,2768792800.0,0.003324193,0.0,36290465,8877.192369937897,112,0.0,8.023925
-88043.9254145086,-0.0065313606,487.72,42351,52422316000.0,0.0026136518,1.1920928955078125e-07,36352746,8895.970519781113,124,0.0,8.019929
-507237.0359213389,-0.0061237663,436.16,42500,34847960000.0,0.0032593054,0.0,36419291,8914.572448968887,149,0.0,8.027561
-165250.9544992185,-0.005554407,427.05,42622,19401705000.0,0.0025599196,-1.0728836059570312e-06,36470064,8933.107980012894,122,0.0,8.03738
-423940.5366880298,-0.0052003195,445.61,42770,4709733400.0,0.0031117052,0.0,36540694,8952.110414028168,148,0.0,8.035171
-189178.42471965944,-0.005322652,558.09,42868,63589523000.0,0.0034154207,0.0,36596289,8970.8733959198,98,0.0,8.035539
-1935234.986006691,-0.006088213,608.01,43001,45415256000.0,0.0033363164,5.960464477539063e-08,36668059,8989.978318214417,133,0.0,8.03783
-1283318.4106913626,-0.0052566812,404.63,43129,110334590000.0,0.0027757785,-8.106231689453125e-06,36716569,9010.06842660904,128,0.0,8.035844
-743567.6018676993,-0.0063402834,527.04,43257,26854302000.0,0.0028141602,0.0,36783402,9029.717870235443,128,0.0,8.033507
-459709.60217820766,-0.0063919364,491.07,43388,25731545000.0,0.0026329434,0.0,36844811,9048.526311397552,131,0.0,8.028797
-649218.2209715341,-0.0060663284,461.8,43510,37310030000.0,0.002940903,4.76837158203125e-07,36905141,9067.673931837082,122,0.0,8.02855
-764061.3698627972,-0.0055437763,452.93,43649,43631993000.0,0.0033010498,1.1920928955078125e-06,36961147,9086.905706167221,139,0.0,8.027938
-1686353.6024279878,-0.005918606,497.67,43798,323835460000.0,0.0026720127,0.0,37032576,9105.776690244675,149,0.0,8.026684
-206699.29332379918,-0.00544792,495.96,43925,3504820200.0,0.0027978732,-1.1920928955078125e-07,37094316,9124.68797159195,127,0.0,8.026871
-107683.00871234426,-0.0060896506,482.47,44033,8047680500.0,0.0022987248,1.1920928955078125e-07,37147588,9143.723379135132,108,0.0,8.030547
-311072.3975211374,-0.0068520815,585.11,44155,4674131000.0,0.0030776162,0.0,37216067,9162.520474433899,122,0.0,8.024308
-300620.12925089354,-0.0056243143,463.39,44288,7863499300.0,0.0024025482,0.0,37274795,9182.451614141464,133,0.0,8.02188
-130228.97572456306,-0.0064362357,448.14,44414,44938953000.0,0.002912801,5.960464477539063e-08,37334670,9201.247741937637,126,0.0,8.017913
-69007.23371720202,-0.0061099925,283.5,44588,36435034000.0,0.0028981252,0.0,37398239,9220.77989578247,174,0.0,8.026214
-771314.5395052664,-0.006476182,533.24,44715,62026375000.0,0.0028213388,-1.1920928955078125e-07,37461846,9239.899230718613,127,0.0,8.028628
-329563.29062469484,-0.005371598,473.44,44845,3878447400.0,0.00280174,-6.4373016357421875e-06,37518170,9259.009941577911,130,0.0,8.031007
-82423.32263670924,-0.005718704,405.12,44975,11248372000.0,0.0039172447,-3.5762786865234375e-07,37573973,9277.9961643219,130,0.0,8.026065
-1061059.5967008776,-0.0057956683,514.55,45103,12830112000.0,0.0030379063,1.1920928955078125e-07,37640999,9297.179967164993,128,0.0,8.0315695
-291060.6005037953,-0.005537809,468.59,45220,26311135000.0,0.0031226387,3.5762786865234375e-07,37704552,9316.348132610321,117,0.0,8.034438
-232576.30142033382,-0.0059578796,452.62,45362,1050151040.0,0.0032412694,0.0,37772877,9335.630765199661,142,0.0,8.036012
-398431.86085368134,-0.005656119,484.86,45480,17202524000.0,0.0038709645,5.364418029785156e-07,37830203,9354.705597162247,118,0.0,8.036408
-342394.7872185524,-0.0053121177,454.41,45597,53241680000.0,0.0023680045,0.0,37883496,9374.709029912949,117,0.0,8.035357
-408562.0171578284,-0.0060248724,505.48,45728,5212313000.0,0.0024048707,-1.5020370483398438e-05,37948578,9393.844523906708,131,0.0,8.038601
-670443.1092697567,-0.0065754256,581.05,45839,43690963000.0,0.0029009348,-1.621246337890625e-05,38010833,9412.834116697311,111,0.0,8.039428
-567408.7987385443,-0.00664763,493.9,45972,4328398000.0,0.0028966824,2.980232238769531e-07,38068352,9431.764178037643,133,0.0,8.038222
-480160.1849602198,-0.0064466274,565.84,46081,4595228000.0,0.0028959396,-1.1920928955078125e-07,38132186,9451.04398727417,109,0.0,8.036228
-623835.3857302731,-0.0067117023,535.1,46186,60352078000.0,0.00333206,0.0,38192240,9470.395469903946,105,0.0,8.042327
-408564.0943957389,-0.0057792785,413.49,46316,46654685000.0,0.0026276966,-1.1920928955078125e-07,38256432,9489.359123468399,130,0.0,8.047364
-365013.84386550373,-0.0063900957,423.83,46449,691723200.0,0.0025714184,0.0,38316009,9508.546937704086,133,0.0,8.048843
-60723.977658967684,-0.006004438,364.12,46600,897018000.0,0.0026327306,1.1920928955078125e-07,38378204,9527.844663619995,151,0.0,8.053147
-195494.5555144258,-0.005682407,572.46,46689,1034457340.0,0.0029627979,-4.76837158203125e-06,38433314,9548.09344959259,89,0.0,8.046979
-274360.57162110304,-0.0059758644,531.03,46823,3151330300.0,0.0025531324,4.172325134277344e-07,38501379,9567.852676391602,134,0.0,8.0478525
-325431.5957850821,-0.006209782,561.02,46935,19223405000.0,0.0028070046,1.7881393432617188e-07,38564387,9587.239171981812,112,0.0,8.05104
-314179.5282395781,-0.0056313793,488.29,47060,42352726000.0,0.0024310485,2.980232238769531e-07,38622110,9606.649074792862,125,0.0,8.047029
-352831.05913468363,-0.005954205,529.11,47183,15066362000.0,0.0028546075,2.980232238769531e-07,38687752,9625.641335248947,123,0.0,8.044389
-412023.82545805606,-0.0059898766,413.96,47331,117027840000.0,0.0030248328,8.940696716308594e-07,38750014,9645.203956604004,148,0.0,8.0439005
-2411976.305699287,-0.00648773,514.14,47464,230741200000.0,0.0027383654,0.0,38813062,9664.938674211502,133,0.0,8.050965
-382888.3392332382,-0.0067032813,396.74,47605,27667920000.0,0.0027505397,5.960464477539063e-08,38868920,9684.104089021683,141,0.0,8.055039
-207151.63627199453,-0.006722934,551.76,47715,23044463000.0,0.0029006647,-1.1920928955078125e-07,38932665,9703.782806873322,110,0.0,8.064696
-476460.7367631395,-0.0058172983,563.84,47841,17534048000.0,0.0024879198,5.960464477539063e-08,38998138,9723.318584680557,126,0.0,8.070423
-122341.39195719632,-0.006339765,418.11,47987,1485152500.0,0.0023693836,1.1920928955078125e-07,39057651,9743.434602022171,146,0.0,8.073807
-400895.9400846323,-0.0058534024,541.2,48115,2166307300.0,0.0023209616,0.0,39120486,9762.958750963211,128,0.0,8.079296
-123335.9512894206,-0.0061478238,388.48,48263,36128113000.0,0.0023375754,0.0,39182965,9782.637767076492,148,0.0,8.083188
-223293.68002285986,-0.006427099,485.63,48400,811102000.0,0.0020291198,-1.1920928955078125e-07,39244002,9802.115826845169,137,0.0,8.09485
-284554.725281149,-0.00610484,423.83,48543,9014586000.0,0.0022153526,0.0,39307023,9821.429212808609,143,0.0,8.100292
-188415.94677581367,-0.0068649976,512.85,48656,17903307000.0,0.0027439152,1.1920928955078125e-07,39365892,9841.25376868248,113,0.0,8.0988455
-475969.9062839037,-0.0062949103,415.49,48789,9046858000.0,0.0024796098,1.1920928955078125e-07,39424655,9861.148788690567,133,0.0,8.100083
-137252.88429381835,-0.006168916,455.19,48924,30444120000.0,0.0027268531,0.0,39490496,9880.719787359238,135,0.0,8.105088
-951957.0024901028,-0.0066100215,422.51,49059,153748600000.0,0.002510967,1.1920928955078125e-07,39548631,9900.435755491257,135,0.0,8.106597
-1558958.5073004458,-0.006677221,479.98,49203,35000496000.0,0.0028601578,1.1920928955078125e-07,39617138,9921.338480710983,144,0.0,8.115009
-463563.82065204764,-0.006454543,371.44,49359,17609783000.0,0.0024388602,1.7881393432617188e-07,39678024,9940.960088968277,156,0.0,8.117039
-657757.280105671,-0.005991282,442.03,49479,7696515600.0,0.003104162,4.76837158203125e-07,39729989,9960.426879644394,120,0.0,8.116169
-198933.6089952969,-0.005536842,591.9,49584,1326682400.0,0.0028369343,2.384185791015625e-07,39792095,9980.004977941513,105,0.0,8.118546
-390027.31326685863,-0.006152531,563.43,49687,49352614000.0,0.0023519609,5.960464477539063e-08,39852497,9999.338614940643,103,0.0,8.128509
-132999.253838346,-0.0055707437,385.1,49839,772738250000.0,0.0026051397,-3.5762786865234375e-07,39912874,10018.838012456894,152,0.0,8.133546
-3917420.1497001117,-0.005413256,491.71,49959,106968375000.0,0.0029888388,7.748603820800781e-07,39975376,10038.844435691833,120,0.0,8.128312
-475098.22778534313,-0.0060430462,461.75,50086,1882485900.0,0.00272087,1.0132789611816406e-06,40038242,10058.485989570618,127,0.0,8.130004
-81811.23761780898,-0.005634678,447.53,50219,2494719000.0,0.0019831434,-1.1920928955078125e-07,40102346,10078.3421459198,133,0.0,8.129948
-304688.9076801536,-0.0061133155,526.09,50324,48578080000.0,0.003155892,0.0,40159760,10097.768194437027,105,0.0,8.134872
-145766.59878033036,-0.006604275,380.67,50455,4591166500.0,0.0027184705,1.1920928955078125e-07,40220952,10118.716609477997,131,0.0,8.138546
-249205.50729566958,-0.0056525604,424.37,50616,3581529000.0,0.0029794832,-5.960464477539062e-07,40288137,10138.385824203491,161,0.0,8.136486
-494579.12290471117,-0.0054240776,467.76,50735,11472145000.0,0.0029550872,0.0,40345314,10158.492136001587,119,0.0,8.142757
-158901.9530044692,-0.0067871423,531.49,50863,282669280.0,0.0027455846,-5.960464477539062e-07,40409240,10178.007238388062,128,0.0,8.1491585
-294231.67810423084,-0.0058309236,406.62,51005,31249226000.0,0.0020541165,0.0,40466490,10198.1099691391,142,0.0,8.149446
-348803.2124094952,-0.0058989776,545.66,51131,79063260000.0,0.0023868287,1.7881393432617188e-07,40529318,10218.121307373047,126,0.0,8.155974
-463050.7152987059,-0.006639225,388.38,51293,2693559000.0,0.002295348,-1.1920928955078125e-07,40594569,10237.653381824493,162,0.0,8.157819
-220360.81550700087,-0.0059607057,444.62,51418,6181842400.0,0.0030320361,1.1920928955078125e-07,40658323,10257.159650802612,125,0.0,8.152467
-389872.13495757966,-0.006032969,492.07,51530,7027892700.0,0.0022123235,1.1920928955078125e-07,40713634,10276.788581371307,112,0.0,8.1516
-316170.6578920756,-0.005487576,305.94,51703,8533951000.0,0.0023042748,-1.1920928955078125e-07,40779771,10297.067310333252,173,0.0,8.156629
-374391.9889367473,-0.0051018246,453.15,51824,22337692000.0,0.0034825292,2.384185791015625e-07,40832113,10318.266784191132,121,0.0,8.155407
-357246.55688584666,-0.0059380983,455.11,51982,9422722000.0,0.00211884,0.0,40904731,10338.282133340836,158,0.0,8.159
-186228.12450444157,-0.0059414804,357.4,52170,38568600000.0,0.0019323024,-1.1920928955078125e-07,40966858,10358.61384677887,188,0.0,8.167968
-124391.23821087056,-0.006357024,384.2,52324,8469120500.0,0.0027890985,3.5762786865234375e-07,41029694,10378.525401353836,154,0.0,8.17221
-468602.15233930224,-0.0056950697,330.02,52491,3358354700.0,0.0020919295,3.5762786865234375e-07,41083485,10398.45774936676,167,0.0,8.173659
-366658.6728817251,-0.005978352,417.46,52624,4755946500.0,0.0023091638,4.172325134277344e-07,41145376,10418.23567891121,133,0.0,8.175735
-427802.6863211529,-0.0056143976,463.73,52751,13541534000.0,0.0025663457,0.0,41211004,10437.948618888855,127,0.0,8.176285
-373902.11334215547,-0.0055294326,436.48,52885,12092676000.0,0.0024510846,0.0,41267443,10457.817084550858,134,0.0,8.176495
-399400.6273280143,-0.0062172054,408.79,53016,16307849000.0,0.0028685236,7.748603820800781e-07,41327967,10477.700095653534,131,0.0,8.177795
-602699.0390826971,-0.005284007,447.59,53145,98631100000.0,0.0025627583,2.384185791015625e-07,41387442,10498.329971551895,129,0.0,8.177593
-98192.37575546444,-0.005408989,500.82,53294,5171911000.0,0.0021910334,2.980232238769531e-07,41456196,10518.405097723007,149,0.0,8.174409
-80569.31820679829,-0.0056123724,530.64,53412,318233600.0,0.002462338,0.0,41516539,10538.55718255043,118,0.0,8.174304
-122791.84352176718,-0.004615737,395.84,53547,20213332000.0,0.0034976746,0.0,41571041,10558.708486795425,135,0.0,8.179627
-643639.7543579811,-0.0062194266,471.51,53701,6706235400.0,0.0028520252,1.1920928955078125e-07,41641112,10578.53929567337,154,0.0,8.180469
-160864.4246155,-0.005791496,351.47,53839,676775800.0,0.0021223973,1.7881393432617188e-07,41694039,10598.586092710495,138,0.0,8.185241
-149893.26318513567,-0.0063003446,496.0,53984,286111840.0,0.0028007177,0.0,41763918,10618.26057434082,145,0.0,8.188114
-140637.5454740003,-0.005799129,401.9,54123,25176943000.0,0.0021135956,-2.384185791015625e-07,41822022,10637.956792593002,139,0.0,8.192275
-302865.4619053997,-0.0059170914,443.28,54283,11211001000.0,0.002305222,7.152557373046875e-07,41886017,10658.099962234497,160,0.0,8.194992
-642790.6132769128,-0.00496417,460.61,54431,8962251000.0,0.003517353,2.384185791015625e-07,41945486,10677.873804807663,148,0.0,8.2014
-488957.52265254705,-0.0054690433,540.57,54537,7628027000.0,0.0027638832,1.1920928955078125e-07,42004179,10699.368190050125,106,0.0,8.204227
-97818.48754946077,-0.006010703,426.41,54700,23133338000.0,0.0026386539,5.364418029785156e-07,42075090,10719.817976236343,163,0.0,8.20322
-238539.60972171466,-0.005511789,459.14,54811,4443298300.0,0.0023498759,0.0,42125243,10740.138262748718,111,0.0,8.206012
-93592.07381661251,-0.00558333,334.63,54972,16910537000.0,0.0021953443,0.0,42186239,10760.31145954132,161,0.0,8.207641
-109027.89971438915,-0.0054734848,442.84,55117,7828098000.0,0.0026688385,0.0,42257828,10780.165000915527,145,0.0,8.215042
-416514.37165257876,-0.005368245,440.15,55246,4804272000.0,0.0028747863,-1.1920928955078125e-07,42311141,10799.970380544662,129,0.0,8.215972
-218255.40948573357,-0.00530367,619.6,55343,3101270000.0,0.00231701,0.0,42370699,10819.663826704025,97,0.0,8.217786
-444061.67990162456,-0.005938274,506.54,55458,20409848000.0,0.0024303347,5.960464477539063e-08,42432499,10839.953441143036,115,0.0,8.21983
-128947.49981006503,-0.0064379554,471.36,55593,3874398700.0,0.0018615328,5.960464477539063e-08,42494231,10859.95716547966,135,0.0,8.226002
-218913.00763241271,-0.005442771,500.58,55741,75773200000.0,0.0024764158,0.0,42564007,10881.071595191956,148,0.0,8.2307005
-521491.8682363305,-0.0060086935,415.4,55857,94694920000.0,0.0018779717,5.960464477539063e-08,42616377,10901.16171169281,116,0.0,8.231556
-846629.2140795337,-0.0058017042,444.47,56000,2661504000.0,0.002107256,1.1920928955078125e-07,42680260,10921.228863477707,143,0.0,8.229305
-111235.51684101259,-0.005792901,354.52,56158,2956739300.0,0.0022883064,-5.9604644775390625e-06,42740542,10941.31948685646,158,0.0,8.235427
-117943.5861312885,-0.004655367,408.0,56326,38529253000.0,0.0026815892,0.0,42808611,10961.853715896606,168,0.0,8.23888
-1096937.036171186,-0.0057276795,382.9,56473,5083871700.0,0.0024562364,-2.384185791015625e-07,42863926,10981.99400639534,147,0.0,8.244142
-137400.23243219615,-0.0057207127,504.41,56607,3632301800.0,0.0026995356,1.1920928955078125e-07,42930480,11002.106901407242,134,0.0,8.246693
-147914.05727279224,-0.005549692,481.13,56762,851235100.0,0.0027799024,0.0,42994699,11022.371947288513,155,0.0,8.239925
-175057.13153747655,-0.0054263533,401.59,56902,6533193000.0,0.0019249098,1.1920928955078125e-07,43052836,11042.815755367279,140,0.0,8.237965
-138628.46252907038,-0.0056295586,386.87,57051,166459930000.0,0.001961987,2.980232238769531e-07,43107569,11063.88742017746,149,0.0,8.24022
-1183154.8132697875,-0.005008002,595.07,57158,6694787600.0,0.0025302407,-9.5367431640625e-07,43170966,11084.062046289444,107,0.0,8.238674
-192749.06189752466,-0.0061123394,437.33,57306,2315358700.0,0.0018459379,0.0,43235761,11104.126364946365,148,0.0,8.24622
-333557.6204908067,-0.004869147,433.93,57466,103223165000.0,0.0027483513,-7.152557373046875e-07,43299918,11124.272595882416,160,0.0,8.246797
-433331.37434968085,-0.0049094427,324.71,57609,8918372000.0,0.0022570281,-1.1920928955078125e-07,43358520,11144.846119880676,143,0.0,8.245373
-1304933.6289171483,-0.006101971,565.44,57719,61898105000.0,0.0020529872,6.318092346191406e-06,43419260,11165.200229406357,110,0.0,8.248017
-77709.67832721288,-0.0049347063,421.35,57849,14260841000.0,0.0022426595,2.6226043701171875e-06,43479265,11185.900555610657,130,0.0,8.25673
-217259.9705489026,-0.005086614,481.1,57990,516314180.0,0.0023551858,2.384185791015625e-07,43546173,11206.435708999634,141,0.0,8.261415
-101123.00690090847,-0.0053371796,421.44,58133,10677489000.0,0.002211335,0.0,43606947,11227.216303110123,143,0.0,8.262569
-290054.23878722294,-0.0054040453,450.73,58263,9459324000.0,0.0024659832,2.384185791015625e-07,43662356,11247.569100141525,130,0.0,8.267488
-525274.8585656204,-0.006014197,433.07,58420,30316909000.0,0.0020364027,4.76837158203125e-07,43729254,11269.036737203598,157,0.0,8.271526
-157951.16904225908,-0.0051460224,477.06,58559,7627250000.0,0.0026064205,2.384185791015625e-07,43791152,11289.88871216774,139,0.0,8.272694
-254308.1949026593,-0.0056021158,326.62,58752,8979288000.0,0.0019477023,4.76837158203125e-07,43854843,11310.276813268661,193,0.0,8.2765665
-250328.19631176695,-0.0050449152,522.3,58873,12870194000.0,0.0018865842,0.0,43921028,11331.1158452034,121,0.0,8.278762
-100080.36435260324,-0.0060935975,339.32,59030,52956430000.0,0.002255182,-5.960464477539062e-07,43976609,11351.816889762878,157,0.0,8.278767
