EpisodesSoFar,TimeElapsed,loss_pol_surr,loss_ent,EpLenMean,loss_kl,loss_pol_entpen,TimestepsSoFar,loss_vf_loss,EpRewMean,ev_tdlam_before,EpThisIter
0,50.21057629585266,-0.003819917,8.516848,nan,0.004340318,0.0,0,50263453000000.0,nan,8.344650268554688e-07,0
42,102.09896564483643,-0.0038618278,8.513554,1983.0714285714287,0.004240699,0.0,83289,23016803000000.0,-269834429.4070048,1.6689300537109375e-06,42
82,154.06564116477966,-0.004433862,8.51053,2015.2317073170732,0.004027973,0.0,165249,4859596600000.0,-223450706.3983083,-4.7326087951660156e-05,40
122,206.72010350227356,-0.0041968236,8.497969,2021.31,0.0045786956,0.0,247209,1112333600000.0,-124352848.3021568,7.748603820800781e-07,40
162,258.6636953353882,-0.004703339,8.479717,2049.0,0.005324195,0.0,329169,914990960000.0,-72950425.53149459,4.2498111724853516e-05,40
203,311.2626633644104,-0.0044043097,8.480488,2039.15,0.0044411956,0.0,412193,40647307000.0,-28431711.33617517,3.522634506225586e-05,41
243,363.46896982192993,-0.0036592023,8.479048,2039.15,0.0041398094,0.0,494153,94708350000.0,-15780810.149114475,-1.1682510375976562e-05,40
283,416.3271601200104,-0.0046698265,8.470211,2039.15,0.0049662804,0.0,576113,616481300000.0,-7949716.374261593,2.6404857635498047e-05,40
324,468.56364274024963,-0.0042729,8.464512,2028.54,0.0044380226,0.0,658076,101043820000.0,-8603356.052125707,-0.0008108615875244141,41
364,520.9980773925781,-0.0048668813,8.453737,2028.54,0.004826914,0.0,740036,127114265000.0,-8861495.348079018,-0.00013148784637451172,40
405,573.3991339206696,-0.0047139334,8.450207,2021.53,0.00575568,0.0,823344,318543070000.0,-6261271.268668416,-0.0007742643356323242,41
445,625.8592908382416,-0.0050509376,8.440687,2041.99,0.005378441,0.0,905304,5165057000.0,-6621893.7270959485,-0.00014281272888183594,40
486,677.8728704452515,-0.0053718714,8.441761,2033.51,0.004621251,0.0,988465,1089757450000.0,-6158269.116375537,-0.0001785755157470703,41
527,730.6609003543854,-0.004307398,8.445942,2030.0,0.0045457548,0.0,1071422,20431310000.0,-9700424.757213501,1.4722347259521484e-05,41
567,782.9197978973389,-0.0042494866,8.441257,2030.0,0.0051442236,0.0,1153382,122495870000.0,-9146059.495592294,-3.5762786865234375e-07,40
608,835.397519826889,-0.0043883836,8.441713,2029.36,0.0047318162,0.0,1235427,66415813000.0,-9025663.829392461,7.152557373046875e-07,41
650,887.8603436946869,-0.00460721,8.440308,2013.68,0.0056363484,0.0,1319917,8164629000.0,-4564358.233503025,1.4901161193847656e-06,42
691,940.5752210617065,-0.0045116013,8.437529,1994.96,0.0047363844,0.0,1402054,60770100000.0,-3782725.663678057,-1.1920928955078125e-05,41
731,993.3874456882477,-0.0040725367,8.426241,2015.82,0.0051679276,0.0,1484014,68893655000.0,-3611716.719508546,2.980232238769531e-07,40
772,1046.2532727718353,-0.004739322,8.420818,2035.6,0.004410758,0.0,1566683,8285694500.0,-4355868.17082148,1.9609928131103516e-05,41
814,1098.7206020355225,-0.0048932545,8.4170265,2017.4,0.0049555684,0.0,1650921,17912440000.0,-3981176.188349464,0.01725590229034424,42
854,1151.2258169651031,-0.0042902366,8.409504,2030.8,0.004069203,0.0,1732881,4776467500.0,-2772992.5279254443,3.5822391510009766e-05,40
894,1204.1744129657745,-0.004967033,8.40518,2030.8,0.0046648816,0.0,1814841,75177980000.0,-2904214.262922068,9.47713851928711e-06,40
934,1257.138224363327,-0.004871443,8.397585,2049.0,0.0056342673,0.0,1896801,22642380000.0,-3761493.757234289,-3.5762786865234375e-07,40
974,1309.8141107559204,-0.005903279,8.391224,2049.0,0.005389072,0.0,1978761,69394920000.0,-3660579.755125616,-1.537799835205078e-05,40
1014,1362.8436074256897,-0.006387531,8.387194,2049.0,0.0064978786,0.0,2060721,24055173000.0,-2832603.1652231445,-2.002716064453125e-05,40
1055,1415.9837000370026,-0.005837505,8.384884,2043.03,0.0053193197,0.0,2144133,1361549300.0,-2318272.542520356,2.2113323211669922e-05,41
1096,1468.5443334579468,-0.0056314436,8.377392,2025.21,0.006830573,0.0,2226360,51706065000.0,-1846760.9490489704,3.7550926208496094e-06,41
1138,1521.2747943401337,-0.0067828395,8.363804,2012.39,0.0061697355,0.0,2310539,3591369500.0,-2619054.8928338448,0.002147197723388672,42
1180,1573.8913328647614,-0.00663376,8.359785,1990.5,0.005468442,0.0,2394408,23270312000.0,-2312108.2347592236,5.960464477539063e-08,42
1223,1627.196921825409,-0.0074005276,8.368336,1982.2,0.005726925,0.0,2478536,8300084000.0,-1688979.4740774294,-3.361701965332031e-05,43
1267,1680.0452268123627,-0.005999333,8.370043,1950.06,0.0054254625,0.0,2564966,9359907000.0,-1755153.2834473872,-0.0025489330291748047,44
1308,1733.1170146465302,-0.0072438354,8.374525,1977.48,0.0057364143,0.0,2647562,2136552700.0,-2073761.541943752,-9.5367431640625e-07,41
1351,1785.5759098529816,-0.006928065,8.372343,1984.11,0.0058539896,0.0,2732233,1606432400.0,-1561998.639980306,-5.960464477539062e-07,43
1392,1838.4158651828766,-0.006922816,8.365263,1996.14,0.0059511075,0.0,2814392,1453785100.0,-1266028.0373656147,-1.1920928955078125e-07,41
1437,1891.4786369800568,-0.0083189905,8.355577,1891.86,0.0063108103,0.0,2895272,1731184600.0,-902293.6720206098,0.0020827651023864746,45
1478,1944.3879163265228,-0.0074498556,8.345064,1909.81,0.006040039,0.0,2977339,56179274000.0,-1097869.611552017,8.755922317504883e-05,41
1519,1997.202579498291,-0.0076402565,8.335324,1936.49,0.0074091405,0.0,3059389,221240260000.0,-1748432.9937253648,2.384185791015625e-07,41
1566,2050.103832960129,-0.007389004,8.339558,1944.1,0.006326868,0.0,3147161,830101400.0,-3093827.399532442,-0.007082343101501465,47
1610,2102.907989501953,-0.0077406354,8.34094,1845.73,0.0069168434,0.0,3226745,355879680000.0,-2529688.6917253025,-0.00014734268188476562,44
1661,2155.89496922493,-0.0071770474,8.336212,1784.07,0.006625852,0.0,3316072,45511090000.0,-3906928.7783829034,1.0132789611816406e-06,51
1707,2209.0709080696106,-0.007266642,8.318773,1765.01,0.0063782884,0.0,3398722,46863127000.0,-4290149.34126566,0.001530289649963379,46
1755,2262.8347017765045,-0.008296662,8.317181,1765.69,0.006383431,0.0,3480758,43042787000.0,-1421672.2298648846,5.364418029785156e-06,48
1799,2315.9080471992493,-0.0079724295,8.312592,1775.22,0.00607862,0.0,3563732,7849313300.0,-2169573.5087220687,-2.384185791015625e-07,44
1845,2368.8766751289368,-0.007832502,8.299349,1822.01,0.0068557346,0.0,3645881,190454600000.0,-1556015.4500391937,-1.1920928955078125e-07,46
1894,2422.0382924079895,-0.008492074,8.295593,1766.2,0.008175014,0.0,3731601,1913069800.0,-2408311.18318252,-0.0014678239822387695,49
1939,2475.63392829895,-0.00878364,8.295216,1726.55,0.006498425,0.0,3809856,76359820000.0,-2007576.207483572,-1.4901161193847656e-05,45
1990,2528.7140820026398,-0.0086082695,8.292524,1699.06,0.007960857,0.0,3894500,50246620000.0,-1178262.3285707373,1.1324882507324219e-06,51
2039,2583.4680495262146,-0.008079248,8.285841,1633.54,0.008588913,0.0,3973210,22384957000.0,-1966413.0432934556,-0.007476925849914551,49
2091,2636.2517383098602,-0.007344273,8.279711,1610.07,0.007611288,0.0,4055776,138430970000.0,-1326742.694333883,-1.2159347534179688e-05,52
2141,2688.9163479804993,-0.0101862345,8.2727165,1620.48,0.007784158,0.0,4137823,1428236800000.0,-1946411.0138749906,-8.344650268554688e-06,50
2186,2742.019096136093,-0.0083670635,8.263294,1737.87,0.007895756,0.0,4219318,52751440000.0,-9484059.719925852,-7.748603820800781e-06,45
2234,2795.0401980876923,-0.008370877,8.258579,1743.98,0.0069209575,0.0,4300873,86046070000.0,-9272511.500422569,5.4836273193359375e-05,48
2283,2848.3502173423767,-0.009612931,8.249386,1661.94,0.007892515,0.0,4380743,962859960000.0,-2861682.358931641,-1.1920928955078125e-07,49
2331,2901.464411497116,-0.0064072222,8.247303,1704.31,0.009927462,0.0,4465157,227112220000.0,-6315422.9935204955,1.1920928955078125e-07,48
2379,2954.606725692749,-0.008250759,8.248396,1741.87,0.00591152,0.0,4548490,46559780000.0,-7604036.964027363,-0.0001652240753173828,48
2431,3007.9593966007233,-0.008665806,8.244724,1678.26,0.007605986,0.0,4632983,40479300000.0,-3662868.443960859,1.4603137969970703e-05,52
2488,3061.689601659775,-0.009174657,8.242493,1528.51,0.011603201,0.0,4719782,933300600.0,-1670640.409249608,-1.2516975402832031e-05,57
2538,3115.070200443268,-0.009913539,8.240391,1541.27,0.0091600595,0.0,4797109,285280730000.0,-971598.5632595336,-0.002171039581298828,50
2589,3168.3804335594177,-0.009900904,8.2458515,1577.06,0.008587641,0.0,4879537,623433350000.0,-5455661.241339128,5.960464477539063e-08,51
2647,3221.5438928604126,-0.008560764,8.246052,1536.71,0.0073982575,0.0,4966661,532934100000.0,-10333477.220587594,-5.602836608886719e-05,58
2698,3274.5258679389954,-0.009305547,8.240954,1511.75,0.009257028,0.0,5045250,146275500000.0,-8520858.461292708,-8.702278137207031e-06,51
2749,3327.8826611042023,-0.009266217,8.244175,1538.04,0.009517734,0.0,5123561,123233810000.0,-7436815.461134808,0.0,51
2805,3381.9125435352325,-0.009470686,8.245344,1495.39,0.0068308637,0.0,5206373,130483380000.0,-3899106.24287025,5.364418029785156e-07,56
2865,3435.524418592453,-0.008407326,8.241453,1392.76,0.008643944,0.0,5291382,54562513000.0,-2412400.899484986,0.0,60
2921,3489.2234835624695,-0.008715756,8.23012,1395.08,0.0077652573,0.0,5371883,7776272400.0,-1201547.4130865484,-1.0251998901367188e-05,56
2975,3542.7371020317078,-0.0052954056,8.237568,1458.84,0.010195796,0.0,5449636,2430644200.0,-1020635.0034661986,-0.00226438045501709,54
3036,3596.210687637329,-0.008057332,8.225384,1477.26,0.007570709,0.0,5537587,9208303000.0,-870034.7202620773,-8.821487426757812e-06,61
3097,3649.4924614429474,-0.0089049395,8.228535,1396.12,0.0060983426,0.0,5618950,362159470000.0,-2315662.192996556,-0.03906679153442383,61
3150,3702.466697692871,-0.009696132,8.226269,1469.33,0.01034299,0.0,5700522,1066251260.0,-3652831.355432364,-1.33514404296875e-05,53
3213,3756.164060115814,-0.009359235,8.222165,1354.86,0.007019335,0.0,5776392,1418792100000.0,-2025579.7058494985,1.919269561767578e-05,63
3273,3809.6968173980713,-0.009923285,8.219013,1391.01,0.006565386,0.0,5858757,71926100000.0,-9553719.305346426,-2.6226043701171875e-06,60
3326,3863.3810851573944,-0.007677011,8.21919,1445.96,0.008785572,0.0,5939497,106652730000.0,-5349023.702195096,3.0994415283203125e-06,53
3397,3917.2109937667847,-0.007827161,8.20981,1261.3,0.010387245,0.0,6024346,63430435000.0,-1906796.1213219957,-8.344650268554688e-07,71
3465,3970.860867500305,-0.008635421,8.208203,1125.23,0.0062537356,0.0,6100837,50107000000.0,-2255817.277586062,0.0,68
3535,4024.168390750885,-0.01028003,8.193159,1234.19,0.008715315,0.0,6191916,91423560000.0,-1500042.3921934834,3.7550926208496094e-06,70
3605,4078.3226153850555,-0.009777339,8.18124,1159.42,0.0063868365,0.0,6269438,96063040000.0,-1569541.1351791068,-0.00016629695892333984,70
3676,4132.076329708099,-0.0076960847,8.180782,1126.42,0.0073603513,0.0,6353992,114859440000.0,-3590729.5450774673,-0.014412760734558105,71
3744,4185.59069943428,-0.00832766,8.183489,1217.98,0.009639559,0.0,6436718,240238560000.0,-5091765.344508287,-0.0025249719619750977,68
3819,4239.5014634132385,-0.0077256635,8.17761,1163.74,0.009314614,0.0,6524288,119184540000.0,-3052585.149632233,1.1324882507324219e-06,75
3892,4293.258358955383,-0.008911303,8.177662,1092.12,0.008008666,0.0,6605600,134892855000.0,-2495664.3278936194,2.300739288330078e-05,73
3967,4347.116423606873,-0.00781155,8.186054,1100.87,0.008427972,0.0,6690502,448666170000.0,-5165352.065255272,8.940696716308594e-07,75
4035,4401.139926195145,-0.009956492,8.181002,1127.05,0.009245909,0.0,6767388,136183000000.0,-4108981.796516452,-0.0026187896728515625,68
4094,4454.482181072235,-0.008557483,8.182009,1257.38,0.009217462,0.0,6847670,14864136000.0,-3034526.504653724,4.589557647705078e-06,59
4163,4508.456885576248,-0.008042294,8.180632,1205.25,0.010883063,0.0,6927973,76527880000.0,-2674844.245396642,-0.004094362258911133,69
4223,4561.982862949371,-0.007941932,8.180843,1304.21,0.006762369,0.0,7010089,68873175000.0,-2183976.626332172,-0.00019919872283935547,60
4292,4616.05207490921,-0.0080673415,8.184063,1310.01,0.008936493,0.0,7093399,66539760000.0,-2396994.254999861,-1.3828277587890625e-05,69
4349,4670.078734397888,-0.009197816,8.188747,1351.74,0.0068647237,0.0,7172081,83662815000.0,-2634863.31761568,2.384185791015625e-07,57
4415,4723.877822160721,-0.009006056,8.184971,1296.23,0.007266459,0.0,7258301,817755600000.0,-7377447.408374008,1.1920928955078125e-07,66
4474,4777.758790254593,-0.009410393,8.187198,1353.76,0.0067616305,0.0,7337426,2320888600.0,-1437109.259708398,-0.00017547607421875,59
4532,4831.539497852325,-0.00934129,8.192352,1348.76,0.008288274,0.0,7418383,2560371000000.0,-715036.5048451212,2.682209014892578e-06,58
4595,4885.250458955765,-0.008363116,8.191742,1310.65,0.009617498,0.0,7496339,386359700000.0,-16790080.635769933,1.1920928955078125e-07,63
4669,4939.737374305725,-0.008474337,8.189028,1159.32,0.008051103,0.0,7579720,258779070000.0,-18894844.017952267,3.159046173095703e-06,74
4739,4997.707900524139,-0.008928958,8.185848,1194.64,0.0071685696,0.0,7666118,32485950000.0,-1116957.865745116,4.172325134277344e-07,70
4810,5054.041846990585,-0.008503409,8.190996,1055.26,0.009131832,0.0,7737759,335990980000.0,-1144170.5797800452,4.76837158203125e-07,71
4882,5109.1747987270355,-0.009983371,8.185957,1117.89,0.008779166,0.0,7818009,75850695000.0,-3411537.956558576,-0.001964092254638672,72
4967,5163.137709379196,-0.008588063,8.194218,1035.07,0.0076261805,0.0,7904480,59045536000.0,-1414659.378525969,0.0,85
5036,5217.474681854248,-0.009013,8.190762,1201.62,0.008951444,0.0,7994053,957827700000.0,-7919313.223975186,1.5497207641601562e-06,69
5113,5271.827139616013,-0.00987391,8.190767,1203.65,0.0068843006,0.0,8082700,45441130000.0,-9222968.634751737,-0.01904606819152832,77
5185,5325.818657875061,-0.009331276,8.19125,1081.82,0.0078100837,0.0,8154540,7293033500.0,-3368485.1117381155,-4.5299530029296875e-06,72
5257,5383.284245729446,-0.00900926,8.183186,1091.18,0.009070046,0.0,8236695,288655470000.0,-3585337.0656775874,1.7881393432617188e-07,72
5328,5439.793908119202,-0.0087437425,8.175709,1097.25,0.009089875,0.0,8315855,188766320000.0,-3410663.1979748458,5.960464477539063e-08,71
5396,5495.806025981903,-0.008065572,8.168121,1174.29,0.008402062,0.0,8396811,115258515000.0,-534347.3592407817,-0.0004336833953857422,68
5470,5551.496334314346,-0.009130668,8.1665535,1217.22,0.009086494,0.0,8488008,42921420000.0,-1592263.4481816306,-3.5762786865234375e-07,74
5544,5606.864410877228,-0.008731743,8.163801,1029.33,0.0099156825,0.0,8562827,38896100000.0,-940419.1809357874,-2.9802322387695312e-06,74
5616,5660.899296045303,-0.009021612,8.164096,1193.93,0.008800171,0.0,8649771,24988050000.0,-1806168.6065594575,5.364418029785156e-07,72
5684,5717.612895488739,-0.008274548,8.159838,1203.24,0.0075199357,0.0,8728995,184654050000.0,-1633571.187677873,5.960464477539063e-08,68
5769,5778.529135465622,-0.00816838,8.164936,1018.31,0.009128401,0.0,8810661,134392320000.0,-3400260.089965707,-5.137920379638672e-05,85
5836,5836.892669677734,-0.009888048,8.166517,1111.44,0.0069459327,0.0,8890759,698045300000.0,-2848620.9110948034,-0.00030803680419921875,67
5895,5892.865983963013,-0.009036897,8.164673,1292.79,0.0080459835,0.0,8975322,129519520000.0,-6658705.539333888,-1.430511474609375e-06,59
5969,5950.931103944778,-0.008745924,8.168697,1159.93,0.0057241586,0.0,9053891,69366006000.0,-3148841.6520396466,8.881092071533203e-06,74
6052,6009.877416372299,-0.009673925,8.171785,1082.48,0.008142887,0.0,9141231,7093044700.0,-1285808.5580996508,1.6093254089355469e-06,83
6119,6067.598758220673,-0.0097609535,8.1689415,1157.14,0.0068933396,0.0,9222214,70253560000.0,-1288761.764801591,2.2649765014648438e-06,67
6193,6125.290655374527,-0.009263588,8.159222,1142.64,0.005990827,0.0,9304232,100253530000.0,-2116992.003504775,0.0,74
6271,6182.682785749435,-0.009470001,8.148206,1007.35,0.0070855157,0.0,9381752,66654330000.0,-868194.1538629335,8.344650268554688e-07,78
6345,6240.647302865982,-0.008726629,8.14426,1052.12,0.0075726,0.0,9466813,135517150000.0,-2014551.7992800144,-9.5367431640625e-07,74
6420,6323.940744876862,-0.00857949,8.149153,1062.88,0.010990282,0.0,9551340,207539140000.0,-2350555.5902082594,-2.9325485229492188e-05,75
6488,6382.118164300919,-0.009752001,8.149401,1181.1,0.0083456095,0.0,9629723,2248119200000.0,-5040928.963036148,-1.1920928955078125e-07,68
6556,6439.947254896164,-0.009341762,8.150225,1127.11,0.009609818,0.0,9709974,919516350000.0,-15285731.299943244,-2.396106719970703e-05,68
6640,6497.932386636734,-0.009281127,8.15028,997.13,0.0064604073,0.0,9796414,3387796700.0,-826074.6663736945,-8.475780487060547e-05,84
6713,6555.586648225784,-0.009170396,8.157457,1077.91,0.008095971,0.0,9878194,160909460000.0,-2445995.3984642727,0.0,73
6780,6613.087280750275,-0.010707264,8.159681,1172.25,0.0072038337,0.0,9957499,15433089000.0,-2684869.2462904537,1.0132789611816406e-06,67
6855,6699.947024345398,-0.008730665,8.156246,1177.55,0.009305309,0.0,10040968,78144780000.0,-1573302.9950610497,1.1920928955078125e-07,75
6930,6758.361003160477,-0.009047112,8.153063,1153.51,0.0074008615,0.0,10126474,6802822000000.0,-2047030.6508637564,1.1920928955078125e-07,75
7013,6815.689637899399,-0.008914005,8.157103,1027.35,0.009727133,0.0,10207403,420282960000.0,-22043426.015502863,-8.702278137207031e-06,83
7099,6876.6130158901215,-0.009489818,8.162489,1001.04,0.007064232,0.0,10294528,70645360000.0,-697982.1741981108,1.7881393432617188e-07,86
7169,6961.5590143203735,-0.010056824,8.155764,1072.66,0.006845505,0.0,10371386,1126712200000.0,-886403.9735332675,-3.4689903259277344e-05,70
7245,7019.692201137543,-0.008492659,8.155474,1057.88,0.008136429,0.0,10448566,859787100000.0,-9286596.514759732,3.3974647521972656e-06,76
7302,7087.653223276138,-0.008876545,8.1512165,1282.52,0.009348502,0.0,10526993,130738770000.0,-10827978.584418416,-0.002379775047302246,57
7384,7165.876797437668,-0.008778842,8.16173,1143.94,0.009523267,0.0,10612017,596746800000.0,-1916471.0508973328,-0.000152587890625,82
7466,7223.573485374451,-0.0085764555,8.165073,915.68,0.00769269,0.0,10691837,59434455000.0,-7186399.887239717,2.562999725341797e-06,82
7542,7281.50146985054,-0.007513723,8.170607,1079.26,0.008546429,0.0,10774671,6972603400.0,-6887807.752397389,3.933906555175781e-06,76
7622,7340.296026468277,-0.009712988,8.166018,1102.69,0.006316428,0.0,10860843,96459284000.0,-999609.9203111969,2.4437904357910156e-06,80
7714,7435.542886972427,-0.008735342,8.157284,948.18,0.008542655,0.0,10946513,141344300000.0,-1013911.2218581793,-1.7523765563964844e-05,92
7807,7493.418382644653,-0.008886088,8.1511345,902.81,0.00792058,0.0,11028802,244075900000.0,-1934702.2890072293,1.1920928955078125e-07,93
7907,7551.3128871917725,-0.009449197,8.155169,832.32,0.0076437206,0.0,11112034,52666430000.0,-3089915.72135236,0.0,100
7994,7632.331998586655,-0.009731304,8.156389,968.67,0.0061679743,0.0,11192897,341016250000.0,-685893.948024481,-5.9604644775390625e-06,87
8058,7689.998983860016,-0.009190626,8.158421,1093.88,0.0076391725,0.0,11268583,18367216000.0,-3749817.7347642826,-1.1920928955078125e-07,64
8132,7748.1561760902405,-0.009753857,8.155672,1048.61,0.0050248457,0.0,11345936,60394070000.0,-662718.0811140302,-1.33514404296875e-05,74
8214,7831.234928846359,-0.008182751,8.161213,1082.65,0.008551997,0.0,11428410,31615685000.0,-1392614.1821710179,-2.5391578674316406e-05,82
8293,7889.433732509613,-0.009460578,8.165098,941.66,0.0069752657,0.0,11504901,318097800000.0,-1159002.6485475183,-2.384185791015625e-07,79
8380,7946.65465593338,-0.009931043,8.168195,1011.58,0.0063836575,0.0,11591076,351520160000.0,-3551604.8949131323,8.344650268554688e-07,87
8451,8035.95060634613,-0.009171583,8.173506,1136.52,0.006264443,0.0,11673689,55704900000.0,-7438016.637963584,-1.1920928955078125e-07,71
8524,8093.325300455093,-0.0088559985,8.173115,1050.63,0.007862041,0.0,11752881,46974165000.0,-1264471.661902188,-5.960464477539062e-07,73
8612,8157.966862678528,-0.008770065,8.177762,981.19,0.0085566845,0.0,11839018,1059322300000.0,-1069124.850708392,0.0,88
8692,8242.047556400299,-0.009448151,8.179382,1018.87,0.009516827,0.0,11921139,188104110000.0,-8119340.048648838,0.0,80
8770,8299.795573234558,-0.009481569,8.174107,1028.93,0.007404673,0.0,12004141,25309544000.0,-2088665.4638775692,5.960464477539063e-08,78
8868,8395.440942287445,-0.009343003,8.174074,881.45,0.0074533746,0.0,12090793,207686300000.0,-1261969.9659084005,5.960464477539063e-08,98
8957,8454.291971445084,-0.008155657,8.168613,934.54,0.009038458,0.0,12178591,40217797000.0,-3754025.6242074464,-1.3113021850585938e-06,89
9040,8548.673402786255,-0.009451943,8.167254,994.52,0.0074637746,0.0,12260652,92315530000.0,-628610.3904700238,-1.1920928955078125e-07,83
9124,8606.27894616127,-0.010061237,8.177233,1010.85,0.007569766,0.0,12341369,14541466000.0,-1666357.1266547123,-1.1920928955078125e-06,84
9207,8698.575677394867,-0.009067346,8.169985,1013.06,0.007764183,0.0,12421258,39260373000.0,-1608930.3548308131,0.0,83
9288,8756.51645207405,-0.009260887,8.167294,928.59,0.0064870478,0.0,12497197,69645520000.0,-1798903.0135365396,2.384185791015625e-06,81
9370,8847.273600101471,-0.006499415,8.168779,1017.08,0.010433319,0.0,12581627,57061114000.0,-383234.2924720267,1.1920928955078125e-07,82
9458,8905.256732940674,-0.009355729,8.166796,835.38,0.0091288965,0.0,12655815,489437460000.0,-1261532.7572046772,1.1920928955078125e-07,88
9553,8995.63753414154,-0.009892004,8.169203,950.87,0.007588251,0.0,12747835,30598568000.0,-4937719.808161281,1.0728836059570312e-06,95
9628,9054.065348148346,-0.009940764,8.171236,1055.54,0.0072082654,0.0,12827870,273490800000.0,-2305735.262757622,-5.960464477539062e-07,75
9704,9121.57735133171,-0.008662539,8.176395,1065.14,0.008672578,0.0,12911692,23895202000.0,-4624073.247759353,-5.364418029785156e-06,76
9807,9204.867883682251,-0.010528924,8.170925,803.72,0.006932049,0.0,12993610,68189037000.0,-824871.224643524,-1.1920928955078125e-07,103
9897,9262.812556743622,-0.009273167,8.1763935,920.26,0.006895402,0.0,13075450,83400510000.0,-2328534.819203542,5.960464477539063e-08,90
9976,9321.454745292664,-0.008573517,8.183018,969.68,0.008270999,0.0,13153497,5007802400.0,-562633.5022089278,-2.384185791015625e-07,79
10079,9404.88425564766,-0.009343882,8.184217,863.31,0.0059161056,0.0,13242328,126508940000.0,-398053.64076268824,0.0,103
10152,9463.631861686707,-0.006848636,8.184313,1046.77,0.012506058,0.0,13319704,72716165000.0,-2688537.3693441474,0.0,73
10236,9522.134286403656,-0.0087644635,8.193983,954.85,0.0081268465,0.0,13401228,82233850000.0,-2803959.1328157615,-1.1920928955078125e-07,84
10309,9580.338339805603,-0.008597454,8.200269,1049.91,0.0053640516,0.0,13474928,237432050000.0,-3292986.0457851007,0.0,73
10397,9669.071078777313,-0.009576635,8.2037945,1010.84,0.0063417284,0.0,13562205,98852940000.0,-4585817.29473982,8.940696716308594e-07,88
10488,9727.457496881485,-0.008694746,8.207081,1008.85,0.006168764,0.0,13650853,4636803600.0,-1979855.6960165882,-7.152557373046875e-07,91
10589,9794.291953802109,-0.009634574,8.20483,817.83,0.006282182,0.0,13733467,103925465000.0,-1292872.645037473,0.0,101
10689,9875.001146316528,-0.008607693,8.211351,843.03,0.008374003,0.0,13817770,107586716000.0,-2227412.0300816637,-9.179115295410156e-06,100
10771,9934.334609985352,-0.008715501,8.214277,918.29,0.006907354,0.0,13891714,3885462800.0,-1520742.3462299951,2.1457672119140625e-06,82
10869,10023.087044715881,-0.008769287,8.222216,821.63,0.0060517015,0.0,13972297,184663180000.0,-410120.5142698432,-1.1920928955078125e-07,98
10950,10081.042704820633,-0.008507972,8.219515,926.92,0.008165601,0.0,14048367,22965787000.0,-2339024.2616695105,-4.57763671875e-05,81
11038,10148.145603656769,-0.009773597,8.221661,968.25,0.007988099,0.0,14131778,49637350000.0,-2132784.009268641,0.0,88
11142,10228.54759812355,-0.009395535,8.227797,889.2,0.006881027,0.0,14225015,12957995000.0,-614027.9996792048,-3.5762786865234375e-07,104
11229,10287.527822494507,-0.008085535,8.237667,900.56,0.007983996,0.0,14302129,889207000000.0,-3877756.739412538,2.384185791015625e-07,87
11324,10379.81515288353,-0.008308043,8.239607,879.34,0.007260771,0.0,14387250,105314270000.0,-3496388.484461891,1.7881393432617188e-07,95
11412,10438.037571430206,-0.009586109,8.248186,921.53,0.005895523,0.0,14469213,4390188000.0,-997512.2678752027,0.0,88
11516,10496.8998401165,-0.008397914,8.24963,775.83,0.007683148,0.0,14550163,256673150000.0,-2801806.308291303,0.0,104
11602,10590.785789251328,-0.009499789,8.248381,916.94,0.0064983307,0.0,14630382,49884357000.0,-1033056.9428264245,-1.1920928955078125e-07,86
11693,10650.401428937912,-0.00901468,8.241734,884.48,0.008047965,0.0,14708777,28817150000.0,-1198013.1337605626,4.589557647705078e-06,91
11788,10741.442787647247,-0.00868009,8.24609,925.47,0.006798993,0.0,14797708,1048292750000.0,-725438.2451022209,5.960464477539063e-08,95
11891,10800.206689119339,-0.009789885,8.242993,777.5,0.007470732,0.0,14877786,228376800000.0,-9068999.357733835,2.8014183044433594e-06,103
11982,10897.65486240387,-0.009209847,8.246395,856.24,0.00660699,0.0,14956272,190326050000.0,-1358724.1835738907,1.7881393432617188e-07,91
12076,10955.947515249252,-0.007920203,8.2476635,846.63,0.010248152,0.0,15037563,18912520000.0,-2213291.559550597,-7.510185241699219e-06,94
12182,11053.8588681221,-0.009063242,8.249905,754.23,0.0074558603,0.0,15120491,430937150000.0,-732120.000907295,3.5762786865234375e-07,106
12286,11134.209549188614,-0.008679527,8.2540455,825.05,0.007189131,0.0,15207941,194205160000.0,-4946103.264281489,6.556510925292969e-07,104
12393,11207.767598628998,-0.009308641,8.249065,774.69,0.0073717646,0.0,15289249,288774100000.0,-3074133.7352614994,0.0,107
12516,11267.153418540955,-0.008533885,8.246077,644.61,0.006258428,0.0,15371782,261897850000.0,-1653741.031902526,-7.152557373046875e-07,123
12611,11357.937799692154,-0.010274871,8.232786,794.87,0.0059377523,0.0,15447050,9557535000.0,-2004438.8934840038,-1.1920928955078125e-07,95
12721,11416.751908779144,-0.009624236,8.241428,808.37,0.005270191,0.0,15539277,19599580000.0,-326045.7112416317,1.1920928955078125e-07,110
12830,11506.103395223618,-0.010183339,8.244709,688.63,0.0060009086,0.0,15613880,171182490000.0,-1218639.9825811468,0.0,109
12940,11564.663070201874,-0.008442719,8.24474,776.72,0.0052674497,0.0,15697870,23344484000.0,-399967.09489557013,5.960464477539063e-08,110
13049,11641.041138410568,-0.00865757,8.2624035,732.91,0.00688345,0.0,15777825,291598430000.0,-1215621.9377357126,0.0,109
13167,11711.850689411163,-0.008373039,8.264421,727.21,0.007998707,0.0,15861854,874631860000.0,-2899037.1555615026,9.5367431640625e-07,118
13272,11775.995931148529,-0.0078734085,8.265165,805.98,0.006226285,0.0,15947307,518718800000.0,-5911419.250015417,1.430511474609375e-06,105
13381,11866.198280334473,-0.009785158,8.270931,712.0,0.0057905605,0.0,16025673,43329053000.0,-1996356.1830777768,-6.67572021484375e-06,109
13488,11924.292203187943,-0.009197829,8.270069,767.75,0.0060028,0.0,16110030,54109606000.0,-949015.3905392899,-1.1920928955078125e-07,107
13588,12016.336109399796,-0.009073254,8.26862,745.44,0.0074369945,0.0,16184574,782337900000.0,-1356769.520679681,0.0,100
13691,12074.500044107437,-0.008413882,8.267803,753.69,0.007203275,0.0,16266090,12710127000.0,-5121605.179867336,-3.0875205993652344e-05,103
13818,12167.046975851059,-0.008154973,8.2645855,724.65,0.00708085,0.0,16354013,8165806000.0,-607236.6259600573,4.172325134277344e-07,127
13935,12225.711192131042,-0.009562264,8.26424,731.95,0.0070355907,0.0,16440605,70007480000.0,-769101.5351989327,-1.1920928955078125e-07,117
14033,12316.88641667366,-0.010473075,8.258709,773.76,0.0072251484,0.0,16517035,268934660000.0,-3472536.5091706286,-2.86102294921875e-06,98
14131,12374.978739023209,-0.008257798,8.261473,846.84,0.0056901546,0.0,16597621,159412200000.0,-1090150.3581147832,0.0,98
14243,12465.996508359909,-0.008834321,8.255932,825.84,0.008186253,0.0,16686360,99594970000.0,-3568153.3611351657,0.0,112
14357,12525.119227647781,-0.009850602,8.256941,604.12,0.0069403253,0.0,16756978,93314880000.0,-638877.5476320408,0.0,114
14457,12615.587624073029,-0.007907592,8.259518,807.66,0.0096766185,0.0,16837744,229522720000.0,-2200316.408005671,1.1920928955078125e-07,100
14566,12674.109597444534,-0.008660507,8.265917,825.68,0.0066271275,0.0,16929073,156137010000.0,-2723122.156558119,0.0,109
14686,12745.760745763779,-0.009619804,8.26799,705.69,0.005310193,0.0,17011350,339535660000.0,-1003320.7736729066,1.1920928955078125e-07,120
14791,12825.662709712982,-0.009305732,8.267276,708.66,0.0063338364,0.0,17089049,479515020000.0,-2753644.124804971,4.76837158203125e-07,105
14904,12884.379445552826,-0.00670896,8.264712,791.67,0.010381149,0.0,17174834,90515230000.0,-1914080.9952457421,-1.1920928955078125e-07,113
14996,12970.037374258041,-0.008027445,8.265682,859.86,0.006740912,0.0,17250764,24065315000.0,-1593395.255753527,0.0,92
15094,13029.13478589058,-0.008138627,8.267628,853.28,0.007490374,0.0,17331994,360602100000.0,-1031523.4605488022,0.0,98
15199,13088.402165412903,-0.00820653,8.257948,787.0,0.0072518773,0.0,17413084,12969777000.0,-2630360.5460729036,0.0,105
15320,13182.872937440872,-0.008397037,8.257566,684.13,0.0070913867,0.0,17498626,32541202000.0,-599058.604465451,0.0,121
15420,13242.159286260605,-0.009630427,8.261675,823.7,0.006818901,0.0,17580996,324792800000.0,-1420576.919893751,5.960464477539063e-08,100
15520,13306.820945978165,-0.00817143,8.266146,773.43,0.00670907,0.0,17658339,65627030000.0,-2746385.1038875156,2.205371856689453e-06,100
15643,13398.423093795776,-0.009679525,8.270266,683.85,0.006375807,0.0,17746884,265276200000.0,-1461111.4631258822,-1.1920928955078125e-07,123
15739,13481.268152952194,-0.009169471,8.26959,830.66,0.00643989,0.0,17828901,598227940000.0,-6668070.551205406,1.1920928955078125e-07,96
15845,13553.334917068481,-0.009569612,8.268248,815.8,0.006166605,0.0,17914969,418750330000.0,-4134456.077443929,-5.125999450683594e-05,106
15951,13615.954644441605,-0.008962077,8.271303,725.85,0.0066094636,0.0,17994152,7891757600.0,-1178215.7885542712,7.152557373046875e-07,106
16068,13702.726214647293,-0.008795174,8.275606,591.49,0.006103917,0.0,18068825,130311600000.0,-518376.3773360143,1.1920928955078125e-07,117
16183,13761.705709457397,-0.008362538,8.282734,730.19,0.0065389425,0.0,18153081,384929070000.0,-2688366.140683157,0.0,115
16295,13858.318232536316,-0.007935314,8.278002,820.11,0.006628558,0.0,18240851,299174600000.0,-5060417.072865999,2.980232238769531e-07,112
16423,13917.492096662521,-0.009029406,8.281551,639.15,0.0050913384,0.0,18322228,31162188000.0,-372717.2221785581,1.1920928955078125e-07,128
16516,14012.858031988144,-0.0060456996,8.278475,825.29,0.0105935205,0.0,18399055,23027948000.0,-1519200.6317178088,0.0,93
16639,14071.630181074142,-0.00847663,8.286625,653.51,0.007470058,0.0,18482326,16788764000.0,-409367.1163749283,0.0,123
16749,14163.556503295898,-0.0095262965,8.287228,714.43,0.006417766,0.0,18561463,13191037000.0,-919395.534436287,5.960464477539063e-08,110
16855,14223.49584197998,-0.008482728,8.293613,803.94,0.005150539,0.0,18646544,67048407000.0,-878894.3295762993,-1.1920928955078125e-07,106
16971,14315.617067337036,-0.008931335,8.30653,737.45,0.005971823,0.0,18729529,6120128500.0,-2088826.804815048,-1.1920928955078125e-07,116
17070,14374.639042854309,-0.009043354,8.315247,764.19,0.0050649317,0.0,18805612,47461490000.0,-566391.7367862276,-1.1920928955078125e-07,99
17191,14437.110009431839,-0.00990144,8.326954,711.82,0.005590947,0.0,18887112,50886074000.0,-1518233.3802257648,5.960464477539063e-08,121
17305,14529.823037862778,-0.009050095,8.340258,744.99,0.007403706,0.0,18969700,839040300000.0,-2598189.5694720726,2.2649765014648438e-06,114
17413,14588.396004676819,-0.0093334075,8.353027,795.83,0.006237013,0.0,19055172,93526114000.0,-2252194.8658386813,-2.8133392333984375e-05,108
17521,14681.868268013,-0.008202705,8.355694,866.5,0.007417938,0.0,19146819,32742860000.0,-1561080.9077590504,5.960464477539063e-08,108
17636,14741.292518377304,-0.009302832,8.351698,614.58,0.006670083,0.0,19217226,260277060000.0,-397652.9076543389,-2.384185791015625e-07,115
17726,14832.67360830307,-0.0075546326,8.355345,888.63,0.00728543,0.0,19296955,140522720000.0,-3972169.4000317752,0.0,90
17847,14892.366353750229,-0.008277731,8.364353,745.48,0.005485828,0.0,19387833,16586942000.0,-1432169.081212224,4.172325134277344e-07,121
17951,14982.14956355095,-0.009449292,8.358763,764.51,0.005352498,0.0,19468085,267094160000.0,-444788.57414272794,-2.5033950805664062e-06,104
18065,15042.303324460983,-0.009544921,8.362213,656.32,0.005852201,0.0,19546318,50593767000.0,-1050562.8839954985,4.76837158203125e-07,114
18179,15102.223438739777,-0.0095045315,8.36511,734.62,0.006573599,0.0,19630836,4547339000.0,-523781.9670890195,5.960464477539063e-08,114
18289,15161.396325826645,-0.0076337596,8.367298,755.44,0.007479566,0.0,19716128,40463630000.0,-875231.6538616137,0.0,110
18397,15249.378765821457,-0.008025205,8.376034,760.0,0.00737447,0.0,19800348,570130240000.0,-5871242.652575856,0.0,108
18502,15308.499895334244,-0.00938837,8.374403,746.01,0.006050761,0.0,19879935,25756250000.0,-637981.030159846,-7.3909759521484375e-06,105
18614,15367.457444190979,-0.0097442325,8.372158,619.01,0.005826904,0.0,19952099,84013660000.0,-196509.44501171532,7.748603820800781e-07,112
18734,15460.254518270493,-0.00971683,8.372545,659.25,0.0068383664,0.0,20033384,7217506000.0,-706819.6748885096,5.960464477539063e-08,120
18864,15519.687040567398,-0.008923225,8.380299,768.69,0.004931137,0.0,20125527,2063681200.0,-348904.3328772524,1.1920928955078125e-07,130
18997,15611.623629808426,-0.008576053,8.389557,604.55,0.0069775013,0.0,20207277,6220732400.0,-415647.61068694224,0.0,133
19091,15672.639836549759,-0.00908169,8.396318,669.01,0.0071154116,0.0,20271584,19149574000.0,-417643.56337557524,2.980232238769531e-07,94
19228,15731.93229341507,-0.010224061,8.409931,665.34,0.005814873,0.0,20361073,40074990000.0,-1611253.7852003095,2.980232238769531e-07,137
19372,15821.844225168228,-0.009572558,8.411259,612.05,0.0061780666,0.0,20450378,414779500000.0,-648178.2893044782,2.384185791015625e-07,144
19484,15880.993162870407,-0.008163696,8.4137535,692.21,0.005684082,0.0,20525745,47413500000.0,-2133433.6058071996,0.0,112
19601,15969.530194282532,-0.008460519,8.416428,748.34,0.0055554225,0.0,20614546,193552910000.0,-681280.1621720598,2.980232238769531e-07,117
19698,16028.88902926445,-0.007842785,8.425312,760.37,0.0074634575,0.0,20690040,65808753000.0,-1569952.9176174442,0.0,97
19816,16121.242546796799,-0.009000425,8.432262,738.9,0.004975231,0.0,20780409,4003297300.0,-849563.2472717416,0.0,118
19934,16180.802317619324,-0.008527337,8.442095,617.6,0.0055036945,0.0,20852847,7168316400.0,-518396.06095607,-9.5367431640625e-07,118
20055,16280.835612297058,-0.007895785,8.4476595,817.58,0.007385771,0.0,20944314,5732596700.0,-602714.3349547527,0.0,121
20188,16340.623309373856,-0.008228555,8.457691,645.28,0.0057938443,0.0,21021853,122888520000.0,-1870490.6215710575,-1.5497207641601562e-06,133
20292,16444.465134859085,-0.009375932,8.458677,793.89,0.00669353,0.0,21102299,61940433000.0,-809807.1810832269,5.960464477539063e-08,104
20408,16521.54622578621,-0.0088518215,8.452312,650.0,0.005771042,0.0,21185457,11231021000.0,-439206.8984533022,2.562999725341797e-05,116
20538,16601.202019691467,-0.009529886,8.457014,591.89,0.006460166,0.0,21270385,7647786500.0,-291029.6101435413,-1.1920928955078125e-07,130
20659,16693.24341917038,-0.008963101,8.457138,695.63,0.005276474,0.0,21354215,88049710000.0,-1544342.034824179,0.0,121
20796,16753.398181438446,-0.009373823,8.4530945,530.31,0.0056010406,0.0,21426276,117056390000.0,-2803543.9374400787,0.0,137
20970,16847.80118370056,-0.008970242,8.46471,563.17,0.0057990104,0.0,21526590,4494352400.0,-718557.2306991549,4.5299530029296875e-06,174
21080,16907.912521839142,-0.009122855,8.468584,658.57,0.0049012173,0.0,21599544,93459660000.0,-1144122.6110150705,0.0,110
21187,16998.43267083168,-0.008389596,8.46571,714.56,0.0077127903,0.0,21676769,58878996000.0,-1692114.9000375846,-5.960464477539062e-07,107
21305,17058.667105674744,-0.00909684,8.469038,675.61,0.0049509234,0.0,21758234,121316336000.0,-318201.24354390055,1.1920928955078125e-07,118
21431,17150.546788930893,-0.0082889,8.472918,628.0,0.0053700795,0.0,21838683,42238812000.0,-2268818.47189354,8.940696716308594e-07,126
21556,17210.898601531982,-0.00829833,8.482777,654.54,0.0058871596,0.0,21923982,17268716000.0,-328149.5537958991,0.0,125
21684,17302.675447702408,-0.008994226,8.488323,652.37,0.0050262036,0.0,22003880,158794610000.0,-3154175.2390488456,-2.384185791015625e-07,128
21827,17362.214126586914,-0.0077754273,8.497982,665.22,0.00508722,0.0,22092442,69628985000.0,-601524.3903836823,1.7881393432617188e-07,143
21930,17435.392130851746,-0.008311301,8.498691,678.88,0.0070053684,0.0,22162669,76841420000.0,-1912124.6516960075,0.0,103
22073,17513.69051361084,-0.008509154,8.494617,676.06,0.0073550777,0.0,22258964,219969400000.0,-951318.038277801,0.0,143
22196,17573.78049516678,-0.009202824,8.49387,527.81,0.005419094,0.0,22329728,1217017000.0,-1115088.4452184003,2.384185791015625e-07,123
22314,17665.86332678795,-0.009711467,8.496793,722.86,0.005079831,0.0,22413693,8152982500.0,-432882.40747003024,0.0,118
22442,17726.309770822525,-0.008470557,8.497761,568.43,0.0067944378,0.0,22495605,15398775000.0,-159879.29877408908,0.0,128
22565,17816.86871933937,-0.0072341138,8.499332,700.63,0.0074746953,0.0,22580140,18516658000.0,-699401.0922890091,2.980232238769531e-07,123
22694,17877.552879810333,-0.008799242,8.4953785,643.06,0.005723439,0.0,22661552,33138377000.0,-1117172.5119626755,0.0,129
22809,17963.45808672905,-0.008820334,8.493869,710.66,0.0055676177,0.0,22743667,257571770000.0,-1264511.6173137869,1.7881393432617188e-07,115
22955,18023.723486423492,-0.009310824,8.498381,459.02,0.004583414,0.0,22823279,179774470000.0,-495556.3266761402,7.748603820800781e-07,146
23093,18083.652448415756,-0.008318966,8.510714,629.39,0.0065780967,0.0,22913612,15086317000.0,-610795.1063841038,1.7881393432617188e-07,138
23223,18177.795057058334,-0.0088693295,8.514225,632.52,0.0050383597,0.0,22992154,105427804000.0,-227212.3777573147,1.1920928955078125e-07,130
23354,18237.66661787033,-0.007807549,8.5224285,597.61,0.0072439583,0.0,23072395,1183363200000.0,-3904585.2567214356,3.5762786865234375e-07,131
23462,18328.931151866913,-0.008290028,8.520723,679.06,0.0073517216,0.0,23151322,438105080000.0,-3582461.0722365365,2.980232238769531e-07,108
23605,18389.034336566925,-0.008344333,8.524244,616.31,0.006857902,0.0,23237878,41144263000.0,-2514786.502280407,1.7881393432617188e-07,143
23722,18480.91503715515,-0.009119226,8.531675,712.72,0.0060680867,0.0,23321180,238176340000.0,-1495660.9042850297,0.0,117
23866,18542.56986260414,-0.009000887,8.53538,585.5,0.00540656,0.0,23403413,53115433000.0,-1365956.913813921,-2.9802322387695312e-06,144
23994,18635.75090765953,-0.01019861,8.533388,672.46,0.004368267,0.0,23489400,438916550000.0,-2322328.419387084,0.0,128
24140,18696.36639904976,-0.009278497,8.540104,500.96,0.005240196,0.0,23561656,40902906000.0,-494717.7704546393,-2.384185791015625e-06,146
24251,18793.037505865097,-0.008720959,8.539425,712.31,0.0062951753,0.0,23640567,7091812000.0,-502665.07152525807,2.980232238769531e-07,111
24401,18853.45975780487,-0.007886564,8.545085,583.56,0.0062052095,0.0,23726189,338081100000.0,-2412078.068748871,-1.1920928955078125e-07,150
24563,18949.221134662628,-0.00910369,8.5480175,496.76,0.0049262857,0.0,23817469,63164670000.0,-631697.6188207829,-1.1920928955078125e-07,162
24701,19009.70848441124,-0.0083070705,8.561829,557.27,0.0065966407,0.0,23888035,19602740000.0,-981924.4360578355,0.0,138
24832,19108.585106134415,-0.008281733,8.561815,663.66,0.005959167,0.0,23972824,53824893000.0,-379677.2565148508,1.7881393432617188e-07,131
